ID,Label,Valor
181,Puertos USB,4
181,Bandas de radiofrecuencia,2.4 GHz
181,Asistente de voz,Google Assistant
181,Uso sugerido,Interiores
181,App para manejo,NEXXT HOME
181,Compatible con,Android
181,Número de tomacorrientes,4
201,Conectividad,Wi-Fi
201,Dimensiones,Abierto: 37.5 cm x 56.7 cm x 25.9 cm y Cerrado: 37.5 cm x 34.7 cm x 18.7 cm (ancho x profundidad x alto)
201,Compatibilidad,Multiplataforma
201,Máximo hojas impresas a color," 6000 pu00e1ginas (botellas de color cian T504220-AL, magenta T5044320-AL, amarillo T504420-AL)"
201,Máximo hojas impresas a negro,7500 pu00e1ginas (botella de tinta negra T504120-AL)
201,Ciclo de vida mensual,Hasta 3000 pu00e1ginas
201,Velocidad de impresión a color,15 ppm
201,Velocidad de impresión a negro,33 ppm 
201,ADF,No
201,Escanea hojas tamaño oficio,No
201,Resolución de impresión,Hasta 5760 x 1440 dpi de resoluciu00f3n optimizada en varios tipos de papel 
201,Incluye tinta tricolor,Yes
201,Incluye tinta negra,Yes
221,Micrófono Integrado,Si
221,NFC,No
221,Peso,6.1g (por audífono) y 60g (estuche de carga)
221,Tiempo de garantía,1 año
221,Resistente al agua,No
221,Tipo de audífono,In Ear
221,Noise Cancelling,Si
221,Opción cable auxiliar,No
221,Duración de batería,6 hrs + 16hrs con estuche de carga
221,Clasificación IP,IPX2
241,Micrófono Integrado,Si
241,NFC,No
241,Peso,5.5g (por auricular) y 36.5g (estuche de carga)
241,Tiempo de garantía,1 año
241,Resistente al agua,No
241,Tipo de audífono,In Ear
241,Noise Cancelling,Si
241,Opción cable auxiliar,N/A
241,Duración de batería,10 horas
241,Clasificación IP,IPX2
242,Micrófono Integrado,Si
242,NFC,No
242,Peso,5.5g (por auricular) y 36.5g (estuche de carga)
242,Tiempo de garantía,1 año
242,Resistente al agua,No
242,Tipo de audífono,In Ear
242,Noise Cancelling,Si
242,Opción cable auxiliar,No
242,Duración de batería,10 horas
242,Clasificación IP,IPX2
243,Micrófono Integrado,Su00ed
243,NFC,No
243,Peso,260g
243,Tiempo de garantía,1 año
243,Resistente al agua,No
243,Tipo de audífono,Over Ear
243,Noise Cancelling,Si
243,Opción cable auxiliar,No
243,Duración de batería,24 hrs
243,Clasificación IP,IPX2
244,Micrófono Integrado,Su00ed
244,NFC,No
244,Peso,260g
244,Tiempo de garantía,1 año
244,Resistente al agua,No
244,Tipo de audífono,Over Ear
244,Noise Cancelling,Si
244,Opción cable auxiliar,No
244,Duración de batería,24
244,Clasificación IP,IPX2
263,Micrófono Integrado,Si
263,NFC,No
263,Peso,16.2g
263,Tiempo de garantía,1 año
263,Resistente al agua,No
263,Tipo de audífono,In Ear
263,Noise Cancelling,No
263,Opción cable auxiliar,No
263,Duración de batería,6 hrs
263,Clasificación IP,IPX2
301,Micrófono Integrado,Si
301,NFC,No
301,Peso,40g
301,Tiempo de garantía,1 año
301,Resistente al agua,No
301,Tipo de audífono,In Ear
301,Noise Cancelling,N/A
301,Opción cable auxiliar,No
301,Duración de batería,5 hrs + 19 hrs con estuche de carga 
301,Clasificación IP,IPX2
302,Tamaño de pantalla,"15.6"""
302,Ancho,35.9
302,Profundidad (cm),2.49
302,Alto (cm),24.9
302,Capacidad de memoria RAM,8 GB
302,Almacenamiento,1 TB
302,Sistema Operativo,Windows 10
302,Peso,"2,2 kg"
302,Procesador,Intel Core i7
302,Tiempo de garantía,3 años
302,Tarjeta de video,Nvidia GeForce GTX 1650 Ti
302,Color de iluminación,Multicolor
321,Tamaño de pantalla,"15.6"""
321,Ancho,39.0
321,Profundidad (cm),26.6
321,Alto (cm),26.7
321,Capacidad de memoria RAM,8 GB
321,Almacenamiento,256 GB
321,Sistema Operativo,Windows 10
321,Peso,2.5kg
321,Procesador,Intel Core i5
321,Tiempo de garantía,1 año
321,Tarjeta de video,Nvidia GTX1650
321,Color de iluminación,Multicolor
341,Tamaño de pantalla,"15.6"""
341,Ancho,39.6
341,Profundidad (cm),26.7
341,Alto (cm),26.6
341,Capacidad de memoria RAM,8 GB
341,Almacenamiento,512 GB
341,Sistema Operativo,Windows 10
341,Peso,2.5 kg
341,Procesador,Intel Core i5
341,Tiempo de garantía,1 año
341,Tarjeta de video,Nvidia GeForce GTX 1650 Ti
341,Color de iluminación,Multicolor
361,Micrófono Integrado,Su00ed
361,NFC,No
361,Peso,13g
361,Tiempo de garantía,1 año
361,Resistente al agua,No
361,Tipo de audífono,In Ear
361,Noise Cancelling,No
361,Opción cable auxiliar,No
361,Duración de batería,12
361,Clasificación IP,IPX2
362,Micrófono Integrado,Su00ed
362,NFC,No
362,Peso,13g
362,Tiempo de garantía,1 año
362,Resistente al agua,No
362,Tipo de audífono,In Ear
362,Noise Cancelling,No
362,Opción cable auxiliar,No
362,Duración de batería,12
362,Clasificación IP,IPX2
363,Micrófono Integrado,Su00ed
363,NFC,No
363,Peso,13g
363,Tiempo de garantía,1 año
363,Resistente al agua,No
363,Tipo de audífono,In Ear
363,Noise Cancelling,No
363,Opción cable auxiliar,No
363,Duración de batería,12
363,Clasificación IP,IPX2
381,Bandas de radiofrecuencia,2.4 y 5.0 GHz
381,Tecnología MU-MIMO,No
381,Tipo,Router
381,App Movil para instalacion,Si
381,Velocidad en 2.4 Ghz,300 Mbps 
381,Velocidad en 5.8 Ghz,867 Mbps 
381,Red de Invitados,Si
381,Puntos de Acceso Mesh,No
382,Bandas de radiofrecuencia,2.4 y 5.0 GHz
382,Tecnología MU-MIMO,Yes
382,Tipo,Router
382,App Movil para instalacion,Si
382,Velocidad en 2.4 Ghz,Si
382,Velocidad en 5.8 Ghz,Si
382,Red de Invitados,Si
382,Puntos de Acceso Mesh,1
383,Bandas de radiofrecuencia,2.4 y 5.0 GHz
383,Tecnología MU-MIMO,No
383,Tipo,Router
383,App Movil para instalacion,Si
383,Velocidad en 2.4 Ghz,Si 
383,Velocidad en 5.8 Ghz,Si 
383,Red de Invitados,Si
383,Puntos de Acceso Mesh,1 
384,Bandas de radiofrecuencia,2.4 y 5.0 GHz
384,Tecnología MU-MIMO,Yes
384,Tipo,Sistema Mesh
384,App Movil para instalacion,Si
384,Velocidad en 2.4 Ghz,574 Mbps  
384,Velocidad en 5.8 Ghz,2402 Mbps  
384,Red de Invitados,Si
384,Puntos de Acceso Mesh,1
385,Bandas de radiofrecuencia,2.4 y 5.0 GHz
385,Tecnología MU-MIMO,Yes
385,Tipo,Sistema Mesh
385,App Movil para instalacion,Si
385,Velocidad en 2.4 Ghz,574 Mbps  
385,Velocidad en 5.8 Ghz,2402 Mbps  
385,Red de Invitados,Si
385,Puntos de Acceso Mesh,1
386,Bandas de radiofrecuencia,2.4 y 5.0 GHz
386,Tecnología MU-MIMO,Yes
386,Tipo,Sistema Mesh
386,App Movil para instalacion,Si
386,Velocidad en 2.4 Ghz,Si 
386,Velocidad en 5.8 Ghz,No
386,Red de Invitados,Si
386,Puntos de Acceso Mesh,3
401,Tamaño de pantalla,"15.6"""
401,Ancho,39.0
401,Profundidad (cm),26.6
401,Alto (cm),26.7
401,Capacidad de memoria RAM,8 GB
401,Almacenamiento,512 GB
401,Sistema Operativo,Windows 10
401,Peso,2.5Kg
401,Procesador,Intel Core i5
401,Tiempo de garantía,1 año
401,Tarjeta de video,Nvidia GeForce RTX 3060
401,Color de iluminación,Blanco
402,Tamaño de pantalla,"15.6"""
402,Ancho,36.14
402,Profundidad (cm),25.42
402,Alto (cm),2.32
402,Capacidad de memoria RAM,16 GB
402,Almacenamiento,512 GB
402,Sistema Operativo,Windows 10
402,Peso,2.40 kg
402,Procesador,Intel Core i7
402,Tiempo de garantía,1 año
402,Tarjeta de video,Nvidia GeForce RTX 3060
402,Color de iluminación,Multicolor
461,Bandas de radiofrecuencia,2.4 GHz
461,Asistente de voz,Google Assistant
461,Uso sugerido,Interiores
461,App para manejo,Xiaomi Home
461,Potencia (Watts),10
461,Iluminación (lumens),20
461,Equivalencia focos (Watts),80
461,Color de iluminación,Multicolor
501,Bandas de radiofrecuencia,2.4 y 5.0 GHz
501,Tecnología MU-MIMO,No
501,Tipo,Router
501,App Movil para instalacion,Si
501,Velocidad en 2.4 Ghz,300 Mbps
501,Velocidad en 5.8 Ghz,867 Mbps
501,Red de Invitados,N/A
501,Puntos de Acceso Mesh,No
503,Bandas de radiofrecuencia,2.4 GHz
503,Asistente de voz,Google Assistant
503,Uso sugerido,Interiores
503,App para manejo,Xiaomi Home
503,Potencia (Watts),10
503,Iluminación (lumens),10
503,Equivalencia focos (Watts),60
503,Color de iluminación,Multicolor
521,Resolución de video,5.4K
521,Estabilizador de imagen ,Si
521,Tipo de estabilizador,3-axis
521,Resolución de fotografía,20 megapíxeles 
521,Bluetooth,Si
521,Control remoto,Yes
521,HDR (High Dynamic Range),No
521,Conexión Wi-Fi,Si
521,Memoria Interna,8 GB
521,Altura máxima de vuelo (m),6 Metros
521,Distancia máxima de vuelo (km),18.5kilometros
521,Velocidad máxima de vuelo (m/s),15 metros
521,Tiempo máximo de vuelo (min),30 Minutos
521,Detección de obstáculos,Si
521,Tipo de memoria externa,MicroSD
521,Memoria externa,128 GB
522,Bandas de radiofrecuencia,2.4 y 5.0 GHz
522,Tecnología MU-MIMO,No
522,Tipo,Router
522,App Movil para instalacion,Si
522,Velocidad en 2.4 Ghz,300 Mbps 
522,Velocidad en 5.8 Ghz,867 Mbps
522,Red de Invitados,N/A
522,Puntos de Acceso Mesh,No
541,Resolución de video,1080P
541,Micrófono Integrado,Si
541,Asistente de voz,Google Assistant
541,Uso sugerido,Interiores
541,App para manejo,Mi Home
541,Memoria externa,64 GB
541,Campo de visión,360º
541,Visión nocturna,Si
541,Detección de movimiento,Si
541,Bocina integrada,Si
541,Almacenamiento en la nube,Si
541,Movimiento motorizado,Si
542,Bandas de radiofrecuencia,2.4 y 5.0 GHz
542,Tecnología MU-MIMO,Yes
542,Tipo,Sistema Mesh
542,App Movil para instalacion,Si
542,Velocidad en 2.4 Ghz,574 Mbps 
542,Velocidad en 5.8 Ghz,2402 Mbps 
542,Red de Invitados,Si
542,Puntos de Acceso Mesh,1
543,Bandas de radiofrecuencia,2.4 y 5.0 GHz
543,Tecnología MU-MIMO,Yes
543,Tipo,Sistema Mesh
543,App Movil para instalacion,Si
543,Velocidad en 2.4 Ghz,574 Mbps
543,Velocidad en 5.8 Ghz,1201 Mbps
543,Red de Invitados,Si
543,Puntos de Acceso Mesh,1
561,Tipo de batería,N/A
561,Peso,127g
561,Inalámbrico,No
561,Tipo de sensor,Óptico
561,Duración de batería,Ninguna
561,Iluminación,Si
561,Tipo de botón,Mecánico
561,DPI,8200
621,Tipo de batería,AA
621,Peso,99g
621,Inalámbrico,Yes
621,Tipo de sensor,Hero
621,Duración de batería,250
621,Iluminación,No
621,Tipo de botón,Mecánico
621,DPI,12000
641,Años de garantía totales,1
641,Micrófono Integrado,No
641,Potencia,20 Watts
641,Resistente al agua,Si
641,Duración de batería,12
641,Clasificación IP,IPX7
641,Tiempo de carga (hrs),3.5
641,Iluminación,Si
642,Micrófono Integrado,Si
642,NFC,No
642,Peso,0.073Kg
642,Tiempo de garantía,1 año
642,Resistente al agua,No
642,Tipo de audífono,In Ear
642,Noise Cancelling,No
642,Opción cable auxiliar,No
642,Duración de batería,8 hrs + 24 hrs con estuche de carga
642,Clasificación IP,IPX2
661,Años de garantía totales,1
661,Micrófono Integrado,No
661,Potencia,4 Watts
661,Resistente al agua,Si
661,Duración de batería,5
661,Clasificación IP,IP67
661,Tiempo de carga (hrs),2.5
661,Iluminación,No
681,Tipo de batería,AA
681,Peso,83g
681,Inalámbrico,Yes
681,Tipo de sensor,Óptico
681,Duración de batería,450 en modo Bluetooth - 285 en modo HyperSpeed Wireless
681,Iluminación,No
681,Tipo de botón,Mecánico
681,DPI,16000
701,Micrófono Integrado,Si
701,NFC,No
701,Peso,11.34 g (Por audífono) y 36.85 g (Por estuche)
701,Tiempo de garantía,1 año
701,Resistente al agua,No
701,Tipo de audífono,In Ear
701,Noise Cancelling,No
701,Opción cable auxiliar,No
701,Duración de batería,5hrs de batería + 15hrs con estuche de carga
701,Clasificación IP,IPX2
702,Micrófono Integrado,Si
702,NFC,No
702,Peso,11.34 g (Por audífono) y 36.85 g (Por estuche)
702,Tiempo de garantía,1 año
702,Resistente al agua,No
702,Tipo de audífono,In Ear
702,Noise Cancelling,No
702,Opción cable auxiliar,No
702,Duración de batería,5hrs de batería + 15hrs con estuche de carga
702,Clasificación IP,IPX2
703,Micrófono Integrado,Si
703,NFC,No
703,Peso,8.50 (Por audífono) y 39.69 (Estuche de carga)
703,Tiempo de garantía,1 año
703,Resistente al agua,No
703,Tipo de audífono,In Ear
703,Noise Cancelling,No
703,Opción cable auxiliar,N/A
703,Duración de batería,5 hrs de batería + 15 hrs con estuche de carga
703,Clasificación IP,IPX2
704,Micrófono Integrado,Si
704,NFC,No
704,Peso,8.50 (Por audífono) y 39.69 (Estuche de carga)
704,Tiempo de garantía,1 año
704,Resistente al agua,No
704,Tipo de audífono,In Ear
704,Noise Cancelling,No
704,Opción cable auxiliar,No
704,Duración de batería,5 hrs de batería + 15 hrs con estuche de carga
704,Clasificación IP,IPX2
721,Bandas de radiofrecuencia,2.4 GHz
721,Asistente de voz,Google Assistant
721,Uso sugerido,Interiores
721,App para manejo,NEXXT HOME
721,Potencia (Watts),10
721,Iluminación (lumens),10
721,Equivalencia focos (Watts),N/A
721,Color de iluminación,Multicolor
722,Bandas de radiofrecuencia,2.4 GHz
722,Asistente de voz,Google Assistant
722,Uso sugerido,Interiores
722,App para manejo,NEXXT HOME
722,Potencia (Watts),10
722,Iluminación (lumens),10
722,Equivalencia focos (Watts),N/A
722,Color de iluminación,Multicolor
801,Años de garantía totales,1 Au00f1o
801,Operador,Liberado
801,Sistema Operativo,Android
801,Cámara,"48MP +8PM +2MP +2MP, Frontal: 8MP"
801,Otro,
801,Capacidad de memoria RAM,4 GB
801,Memoria Interna,128 GB
801,Pantalla,"6.5"""
801,Batería,6000mAh
801,Procesador,Snapdragon 662
802,Años de garantía totales,1 Año
802,Operador,Liberado
802,Sistema Operativo,Android
802,Cámara, 48+8+2+2 MP|Frontal: 8MP
802,Otro,
802,Capacidad de memoria RAM,4 GB
802,Memoria Interna,128 GB
802,Pantalla,"6.5"""
802,Batería,6000mAh
802,Procesador,Snapdragon 662
803,Años de garantía totales,1 Año
803,Operador,Liberado
803,Sistema Operativo,Android
803,Cámara, 48+8+2+2 MP|Frontal: 8MP
803,Otro,
803,Capacidad de memoria RAM,4 GB
803,Memoria Interna,128 GB
803,Pantalla,"6.5"""
803,Batería,6000mAh
803,Procesador,Snapdragon 662
821,Tamaño de pantalla,"8"""
821,Años de garantía totales,
821,Sistema Operativo,Android
821,Cámara,Trasera: 5MP | Frontal: 2MP
821,Otro,
821,Capacidad de memoria RAM,2 GB
821,Batería,5000mAh
821,Procesador,MediaTek Helio A22
821,Capacidad de memoria ROM,32 GB
821,Conexión LTE,Yes
841,Material,Poliester
841,Iluminación,No
841,Tamaño,XL
842,Material,Poliester
842,Iluminación,No
842,Tamaño,XXL
861,Años de garantía totales,1 Año
861,Operador,Liberado
861,Sistema Operativo,Android
861,Cámara,48+8+2+2 MP|Frontal: 20 MP
861,Otro,
861,Capacidad de memoria RAM,8 GB
861,Memoria Interna,256 GB
861,Pantalla,"6.6"""
861,Batería,5100mAh
861,Procesador,Octa-Core
921,Ancho,.767
921,Profundidad (cm),0.675
921,Años de garantía totales,1
921,Cantidad De Hornillas,6
921,Panel Digital,No
921,Luz En El Horno,Yes
921,Termostato En Horno,No
921,Sistema De Convección,No
921,Función Programable De Horno,No
921,Auto Limpieza En Horno,No
921,Asador,No
921,Alto (cm),.939
921,Combustión,Gas
921,Ancho,"30"""
921,Comal,Yes
921,Parrillas hierro fundido,Yes
921,Acabado en cubierta,Acero
921,Encendido eléctrico en horno,Si
921,Timer,No
921,Conexión Wi-Fi,No
922,Ancho,70 cm
922,Profundidad (cm),74.8 cm
922,Años de garantía totales,1 Año
922,Tipo de panel,Perillas/Digital
922,Tipo de carga,Superior
922,Señal De Fin De Ciclo,Yes
922,Alto (cm),113.1 cm
922,Color,Negro
922,Ahorro en consumo energético,Estándar
922,Capacidad interna en libras,52
922,Tipo de propela,Pulsador
922,Material de la tina,Acero
922,Depósito de detergente,Yes
922,Depósito de suavizante,Yes
922,Depósito de cloro,No
922,Filtro atrapamota,No
922,Lavado programable,No
922,¿Funciona con llenado manual?,Yes
922,Ciclos de lavado,10
922,Temperaturas, 
922,Niveles de agua,2
922,Sistema de transmisión directa,No
922,Tipo de tapa,Vidrio
922,Conexión Wi-Fi,No
922,Tecnología,N/A
924,Ancho,68.6
924,Profundidad (cm),74.4
924,Años de garantía totales,1
924,Tipo de panel,Perillas/Digital
924,Tipo de carga,Superior
924,Señal De Fin De Ciclo,Yes
924,Alto (cm),111.7
924,Color,Blanco
924,Ahorro en consumo energético,Inverter
924,Capacidad interna en libras,44
924,Tipo de propela,Pulsador
924,Material de la tina,Acero
924,Depósito de detergente,Yes
924,Depósito de suavizante,Yes
924,Depósito de cloro,No
924,Filtro atrapamota,Yes
924,Lavado programable,No
924,¿Funciona con llenado manual?,Yes
924,Ciclos de lavado,8
924,Temperaturas,5
924,Niveles de agua,4
924,Sistema de transmisión directa,No
924,Tipo de tapa,Vidrio
924,Conexión Wi-Fi,No
924,Tecnología,N/A
925,Ancho,68.6 cm
925,Profundidad (cm),74.4 cm
925,Años de garantía totales,1 Año
925,Tipo de panel,Perillas/Digital
925,Tipo de carga,Superior
925,Señal De Fin De Ciclo,Yes
925,Alto (cm),111.7 cm
925,Color,Blanco
925,Ahorro en consumo energético, 
925,Capacidad interna en libras,48
925,Tipo de propela,Pulsador
925,Material de la tina,Acero
925,Depósito de detergente,Yes
925,Depósito de suavizante,Yes
925,Depósito de cloro,No
925,Filtro atrapamota,No
925,Lavado programable,No
925,¿Funciona con llenado manual?,Yes
925,Ciclos de lavado,10
925,Temperaturas,5
925,Niveles de agua,4
925,Sistema de transmisión directa,No
925,Tipo de tapa,Vidrio
925,Conexión Wi-Fi,No
925,Tecnología,N/A
929,Ancho,
929,Profundidad (cm),
929,Sistema De Deshielo, 
929,Capacidad En Pies Cúbicos (Brutos), 
929,Capacidad En Pies Cúbicos (Netos), 
929,Dispensador Manual De Agua,No
929,Dispensador Automático De Agua,No
929,Dispensador Manual De Hielo,No
929,Dispensador Automático De Hielo,No
929,Minibar Externo,No
929,Alto (cm),
929,Color, 
929,Tipo de Refrigerador, 
929,Ahorro en consumo energético, 
929,Entrepaños, 
929,Gavetas para vegetales, 
929,Haladeras, 
929,Tipo de luz en refrigerador, 
929,Tipo de luz en el congelador, 
929,Años de garantía totales, 
929,Conexión Wi-Fi, 
929,Tecnología, 
930,Ancho,76
930,Profundidad (cm),88.6
930,Sistema De Deshielo,No Frost
930,Capacidad En Pies Cúbicos (Brutos),22'
930,Capacidad En Pies Cúbicos (Netos),21'
930,Dispensador Manual De Agua,No
930,Dispensador Automático De Agua,Yes
930,Dispensador Manual De Hielo,No
930,Dispensador Automático De Hielo,Yes
930,Minibar Externo,No
930,Alto (cm),169.7
930,Color,Gris Metálico
930,Tipo de Refrigerador,Freezer Abajo
930,Ahorro en consumo energético,Inverter
930,Entrepaños,Vidrio
930,Gavetas para vegetales,2
930,Haladeras,Tipo pocket
930,Tipo de luz en refrigerador,LED
930,Tipo de luz en el congelador,LED
930,Años de garantía totales,1 Año
930,Conexión Wi-Fi,No
930,Tecnología,N/A
931,Ancho,76
931,Profundidad (cm),87.6
931,Sistema De Deshielo,No Frost
931,Capacidad En Pies Cúbicos (Brutos),22'
931,Capacidad En Pies Cúbicos (Netos),21'
931,Dispensador Manual De Agua,No
931,Dispensador Automático De Agua,No
931,Dispensador Manual De Hielo,No
931,Dispensador Automático De Hielo,No
931,Minibar Externo,No
931,Alto (cm),169.7
931,Color,Acero
931,Tipo de Refrigerador,Freezer Abajo
931,Ahorro en consumo energético,Inverter
931,Entrepaños,Vidrio
931,Gavetas para vegetales,2
931,Haladeras,Tipo pocket
931,Tipo de luz en refrigerador,LED
931,Tipo de luz en el congelador,LED
931,Años de garantía totales,3 Años
931,Conexión Wi-Fi,No
931,Tecnología,N/A
941,Años de garantía totales,1 Año
941,Operador,Liberado
941,Sistema Operativo,Android
941,Cámara, 48+8+2+2 MP|Frontal: 8MP
941,Otro,
941,Capacidad de memoria RAM,4 GB
941,Memoria Interna,128 GB
941,Pantalla,"6.5"""
941,Batería,6000mAh
941,Procesador,Snapdragon 662
1041,Tamaño de pantalla,"10.2"""
1041,Años de garantía totales,1 Año
1041,Sistema Operativo,iOS
1041,Cámara,8MP
1041,Otro,
1041,Capacidad de memoria RAM,N/A
1041,Batería, 
1041,Procesador,A12 Bionic
1041,Capacidad de memoria ROM,32 GB
1041,Conexión LTE,No
1081,Tecnología,LED
1081,Tamaño de pantalla,"50"""
1081,Definición,Ultra High Definition 4K
1081,Potencia de audio (Watts RMS),20 W
1081,Ancho,113 cm
1081,Alto sin base de mesa (cm),66.3 cm
1081,Alto con base de mesa (cm),72.2 cm
1081,Peso sin base de mesa (Kg),11.3 Kg
1081,Peso con base de mesa (Kg),11.4 Kg
1081,Sistema Operativo,Web-OS
1081,Profundidad sin base de mesa (cm),8.6 cm
1081,HDR (High Dynamic Range),Yes
1081,Smart TV / Acceso a Netflix y YouTube,Yes
1081,Cantidad de Hertz,60 Hz
1081,Conexión USB,Yes
1081,Conexiones HDMI / (ARC),2 (Si)
1081,Conexión Wi-Fi,Si
1081,Función espejo (Mirroring),Si
1081,Conexión de audio / video (RCA),0
1081,Garantía,2 años
1081,Otras características,
1081,Conexión Bluetooth,Si
1081,Salida de audio digital óptica,Si
1081,Profunidad con base de mesa (cm),23.1 cm
1081,Asistente de voz,ThinQ AI UHD
1101,Tecnología,LED
1101,Tamaño de pantalla,"32"""
1101,Definición,High Definition
1101,Potencia de audio (Watts RMS),20 W
1101,Ancho,73.6 cm
1101,Alto sin base de mesa (cm),43.7 cm
1101,Alto con base de mesa (cm),46.4 cm
1101,Peso sin base de mesa (Kg),4.65 Kg
1101,Peso con base de mesa (Kg),4.7 Kg
1101,Sistema Operativo,Web-OS
1101,Profundidad sin base de mesa (cm),8.29 cm
1101,HDR (High Dynamic Range),Yes
1101,Smart TV / Acceso a Netflix y YouTube,Yes
1101,Cantidad de Hertz,60 Hz
1101,Conexión USB,Yes
1101,Conexiones HDMI / (ARC),3
1101,Conexión Wi-Fi,Si
1101,Función espejo (Mirroring),No
1101,Conexión de audio / video (RCA),No
1101,Garantía,2 años
1101,Otras características,
1101,Conexión Bluetooth,Si
1101,Salida de audio digital óptica,No
1101,Profunidad con base de mesa (cm),18 cm
1101,Asistente de voz,ThinQ AI UHD
1102,Tecnología,LED
1102,Tamaño de pantalla,"43"""
1102,Definición,Full High Definition
1102,Potencia de audio (Watts RMS),20 W
1102,Ancho,97.3 cm
1102,Alto sin base de mesa (cm),   
1102,Alto con base de mesa (cm),62.3 cm
1102,Peso sin base de mesa (Kg),8 Kg
1102,Peso con base de mesa (Kg),8.1 Kg
1102,Sistema Operativo,Web-OS
1102,Profundidad sin base de mesa (cm),8.5 cm
1102,HDR (High Dynamic Range),Yes
1102,Smart TV / Acceso a Netflix y YouTube,Yes
1102,Cantidad de Hertz,60 Hz
1102,Conexión USB,Yes
1102,Conexiones HDMI / (ARC),3
1102,Conexión Wi-Fi,Si
1102,Función espejo (Mirroring),Si
1102,Conexión de audio / video (RCA),0
1102,Garantía,2 años
1102,Otras características,   
1102,Conexión Bluetooth,Si
1102,Salida de audio digital óptica,Si
1102,Profunidad con base de mesa (cm),21.6 cm
1102,Asistente de voz,ThinQ AI UHD
1103,Tecnología,LED
1103,Tamaño de pantalla,"43"""
1103,Definición,Ultra High Definition 4K
1103,Potencia de audio (Watts RMS),20 W
1103,Ancho,97.3 cm
1103,Alto sin base de mesa (cm),N/A
1103,Alto con base de mesa (cm),61.1 cm
1103,Peso sin base de mesa (Kg),
1103,Peso con base de mesa (Kg),
1103,Sistema Operativo,Web-OS
1103,Profundidad sin base de mesa (cm),8.5 cm
1103,HDR (High Dynamic Range),Yes
1103,Smart TV / Acceso a Netflix y YouTube,Yes
1103,Cantidad de Hertz, 
1103,Conexión USB,Yes
1103,Conexiones HDMI / (ARC),2
1103,Conexión Wi-Fi,Si
1103,Función espejo (Mirroring),Si
1103,Conexión de audio / video (RCA),0
1103,Garantía,2 años
1103,Otras características,
1103,Conexión Bluetooth,Si
1103,Salida de audio digital óptica,No
1103,Profunidad con base de mesa (cm),18.7 cm
1103,Asistente de voz,ThinQ AI UHD
1104,Tecnología,LED
1104,Tamaño de pantalla,"43"""
1104,Definición,Ultra High Definition 4K
1104,Potencia de audio (Watts RMS),20 W
1104,Ancho,96.7 cm
1104,Alto sin base de mesa (cm),56.4 cm
1104,Alto con base de mesa (cm),62.2 cm
1104,Peso sin base de mesa (Kg),8.6 Kg
1104,Peso con base de mesa (Kg),8.7 Kg
1104,Sistema Operativo,Web-OS
1104,Profundidad sin base de mesa (cm),5.71 cm
1104,HDR (High Dynamic Range),Yes
1104,Smart TV / Acceso a Netflix y YouTube,Yes
1104,Cantidad de Hertz,60 Hz
1104,Conexión USB,Yes
1104,Conexiones HDMI / (ARC),3
1104,Conexión Wi-Fi,Si
1104,Función espejo (Mirroring),Si
1104,Conexión de audio / video (RCA),No
1104,Garantía,2 años
1104,Otras características,
1104,Conexión Bluetooth,Si
1104,Salida de audio digital óptica,Si
1104,Profunidad con base de mesa (cm),21.6 cm
1104,Asistente de voz,ThinQ AI UHD
1105,Tecnología,LED
1105,Tamaño de pantalla,"50"""
1105,Definición,Ultra High Definition 4K
1105,Potencia de audio (Watts RMS),20 W
1105,Ancho,112.1 cm
1105,Alto sin base de mesa (cm),65.1 cm
1105,Alto con base de mesa (cm),71.3 cm
1105,Peso sin base de mesa (Kg),11.7 Kg
1105,Peso con base de mesa (Kg),11.9 Kg
1105,Sistema Operativo,Web-OS
1105,Profundidad sin base de mesa (cm),5.77 cm
1105,HDR (High Dynamic Range),Yes
1105,Smart TV / Acceso a Netflix y YouTube,Yes
1105,Cantidad de Hertz,60 Hz
1105,Conexión USB,Yes
1105,Conexiones HDMI / (ARC),2 (Si)
1105,Conexión Wi-Fi,Si
1105,Función espejo (Mirroring),Si
1105,Conexión de audio / video (RCA),0
1105,Garantía,2 años
1105,Otras características,
1105,Conexión Bluetooth,Si
1105,Salida de audio digital óptica,Si
1105,Profunidad con base de mesa (cm),23.1 cm
1105,Asistente de voz,ThinQ AI UHD
1106,Tecnología,NanoCell
1106,Tamaño de pantalla,"50"""
1106,Definición,Ultra High Definition 4K
1106,Potencia de audio (Watts RMS),20 W
1106,Ancho,112.1 cm
1106,Alto sin base de mesa (cm),65.1 cm
1106,Alto con base de mesa (cm),70.8 cm
1106,Peso sin base de mesa (Kg),12.2 Kg
1106,Peso con base de mesa (Kg),12.4 Kg
1106,Sistema Operativo,Web-OS
1106,Profundidad sin base de mesa (cm),5.7 cm
1106,HDR (High Dynamic Range),Yes
1106,Smart TV / Acceso a Netflix y YouTube,Yes
1106,Cantidad de Hertz, 
1106,Conexión USB,Yes
1106,Conexiones HDMI / (ARC),3
1106,Conexión Wi-Fi,Si
1106,Función espejo (Mirroring),Si
1106,Conexión de audio / video (RCA),0
1106,Garantía,2 años
1106,Otras características,
1106,Conexión Bluetooth,Si
1106,Salida de audio digital óptica,Si
1106,Profunidad con base de mesa (cm),23.2 cm
1106,Asistente de voz,ThinQ AI UHD
1107,Tecnología,NanoCell
1107,Tamaño de pantalla,"55"""
1107,Definición,Ultra High Definition 4K
1107,Potencia de audio (Watts RMS),20 W
1107,Ancho,123.5 cm
1107,Alto sin base de mesa (cm),7.15 cm
1107,Alto con base de mesa (cm),77.4 cm
1107,Peso sin base de mesa (Kg),14.8 Kg
1107,Peso con base de mesa (Kg),15 Kg
1107,Sistema Operativo,Web-OS
1107,Profundidad sin base de mesa (cm),5.81 cm
1107,HDR (High Dynamic Range),Yes
1107,Smart TV / Acceso a Netflix y YouTube,Yes
1107,Cantidad de Hertz,60 Hz
1107,Conexión USB,Yes
1107,Conexiones HDMI / (ARC),3
1107,Conexión Wi-Fi,Si
1107,Función espejo (Mirroring),Si
1107,Conexión de audio / video (RCA),0
1107,Garantía,2 años
1107,Otras características,
1107,Conexión Bluetooth,Si
1107,Salida de audio digital óptica,No
1107,Profunidad con base de mesa (cm),23.2 cm
1107,Asistente de voz,ThinQ AI UHD
1108,Tecnología,LED
1108,Tamaño de pantalla,"55"""
1108,Definición,Ultra High Definition 4K
1108,Potencia de audio (Watts RMS),20 W
1108,Ancho,113 cm
1108,Alto sin base de mesa (cm),66.3 cm
1108,Alto con base de mesa (cm),72.2 cm
1108,Peso sin base de mesa (Kg),11.3 Kg
1108,Peso con base de mesa (Kg),11.5 Kg
1108,Sistema Operativo,Web-OS
1108,Profundidad sin base de mesa (cm),8.6 cm
1108,HDR (High Dynamic Range),Yes
1108,Smart TV / Acceso a Netflix y YouTube,Yes
1108,Cantidad de Hertz,60 Hz
1108,Conexión USB,Yes
1108,Conexiones HDMI / (ARC),1 (Si)
1108,Conexión Wi-Fi,Si
1108,Función espejo (Mirroring),Si
1108,Conexión de audio / video (RCA),0
1108,Garantía,2 años
1108,Otras características,
1108,Conexión Bluetooth,Si
1108,Salida de audio digital óptica,Si
1108,Profunidad con base de mesa (cm),23.1 cm
1108,Asistente de voz,ThinQ AI UHD
1110,Tecnología,LED
1110,Tamaño de pantalla,"65"""
1110,Definición,Ultra High Definition 4K
1110,Potencia de audio (Watts RMS),20 W
1110,Ancho,146.3 cm
1110,Alto sin base de mesa (cm),85 cm
1110,Alto con base de mesa (cm),91.4 cm
1110,Peso sin base de mesa (Kg),21.3 Kg
1110,Peso con base de mesa (Kg),21.6 Kg
1110,Sistema Operativo,Web-OS
1110,Profundidad sin base de mesa (cm),8.78 cm
1110,HDR (High Dynamic Range),Yes
1110,Smart TV / Acceso a Netflix y YouTube,Yes
1110,Cantidad de Hertz,60 Hz
1110,Conexión USB,Yes
1110,Conexiones HDMI / (ARC),2
1110,Conexión Wi-Fi,Si
1110,Función espejo (Mirroring),Si
1110,Conexión de audio / video (RCA),0
1110,Garantía,2 años
1110,Otras características,
1110,Conexión Bluetooth,Si
1110,Salida de audio digital óptica,No
1110,Profunidad con base de mesa (cm),26.9 cm
1110,Asistente de voz,ThinQ AI UHD
1111,Tecnología,LED
1111,Tamaño de pantalla,"82"""
1111,Definición,Ultra High Definition 4K
1111,Potencia de audio (Watts RMS),40 W
1111,Ancho,183.5 cm
1111,Alto sin base de mesa (cm),105.2 cm
1111,Alto con base de mesa (cm),111.3 cm
1111,Peso sin base de mesa (Kg),41.4 Kg
1111,Peso con base de mesa (Kg),42.1 Kg
1111,Sistema Operativo,Web-OS
1111,Profundidad sin base de mesa (cm),5.99 cm
1111,HDR (High Dynamic Range),Yes
1111,Smart TV / Acceso a Netflix y YouTube,Yes
1111,Cantidad de Hertz,120 Hz
1111,Conexión USB,Yes
1111,Conexiones HDMI / (ARC),4
1111,Conexión Wi-Fi,Si
1111,Función espejo (Mirroring),Si
1111,Conexión de audio / video (RCA),No
1111,Garantía,2 años
1111,Otras características,
1111,Conexión Bluetooth,Si
1111,Salida de audio digital óptica,No
1111,Profunidad con base de mesa (cm),36.2 cm
1111,Asistente de voz,ThinQ AI UHD
1112,Tecnología,NanoCell
1112,Tamaño de pantalla,"75"""
1112,Definición,Ultra High Definition 4K
1112,Potencia de audio (Watts RMS),20 W
1112,Ancho,
1112,Alto sin base de mesa (cm),
1112,Alto con base de mesa (cm),
1112,Peso sin base de mesa (Kg),
1112,Peso con base de mesa (Kg),
1112,Sistema Operativo,Web-OS
1112,Profundidad sin base de mesa (cm),
1112,HDR (High Dynamic Range),Yes
1112,Smart TV / Acceso a Netflix y YouTube,Yes
1112,Cantidad de Hertz,60 Hz
1112,Conexión USB,Yes
1112,Conexiones HDMI / (ARC),3
1112,Conexión Wi-Fi,Si
1112,Función espejo (Mirroring),Si
1112,Conexión de audio / video (RCA),0
1112,Garantía,2 años
1112,Otras características,
1112,Conexión Bluetooth,Si
1112,Salida de audio digital óptica,Si
1112,Profunidad con base de mesa (cm),
1112,Asistente de voz,ThinQ AI UHD
1113,Tecnología,NanoCell
1113,Tamaño de pantalla,"65"""
1113,Definición,Ultra High Definition 4K
1113,Potencia de audio (Watts RMS),60 W
1113,Ancho,144.52 cm
1113,Alto sin base de mesa (cm),82.80 cm
1113,Alto con base de mesa (cm),89.91 cm
1113,Peso sin base de mesa (Kg),26.21 Kg
1113,Peso con base de mesa (Kg),26.58 Kg
1113,Sistema Operativo,Web-OS
1113,Profundidad sin base de mesa (cm),2.79 cm
1113,HDR (High Dynamic Range),Yes
1113,Smart TV / Acceso a Netflix y YouTube,Yes
1113,Cantidad de Hertz,120 Hz
1113,Conexión USB,Yes
1113,Conexiones HDMI / (ARC),4 (Si)
1113,Conexión Wi-Fi,Si
1113,Función espejo (Mirroring),Si
1113,Conexión de audio / video (RCA),No
1113,Garantía,2 años
1113,Otras características,Televisor QNED
1113,Conexión Bluetooth,Si
1113,Salida de audio digital óptica,Si
1113,Profunidad con base de mesa (cm),29.21 cm
1113,Asistente de voz,ThinQ AI UHD
1114,Tecnología,NanoCell
1114,Tamaño de pantalla,"75"""
1114,Definición,Ultra High Definition 4K
1114,Potencia de audio (Watts RMS),60 W
1114,Ancho,116.5 cm
1114,Alto sin base de mesa (cm),95.2 cm
1114,Alto con base de mesa (cm),101.9 cm
1114,Peso sin base de mesa (Kg),
1114,Peso con base de mesa (Kg),
1114,Sistema Operativo,Web-OS
1114,Profundidad sin base de mesa (cm),2.89 cm
1114,HDR (High Dynamic Range),Yes
1114,Smart TV / Acceso a Netflix y YouTube,Yes
1114,Cantidad de Hertz,120 Hz
1114,Conexión USB,Yes
1114,Conexiones HDMI / (ARC),4
1114,Conexión Wi-Fi,Si
1114,Función espejo (Mirroring),Si
1114,Conexión de audio / video (RCA),0
1114,Garantía,2 años
1114,Otras características,
1114,Conexión Bluetooth,Si
1114,Salida de audio digital óptica,Si
1114,Profunidad con base de mesa (cm),35.9 cm
1114,Asistente de voz,ThinQ AI UHD
1161,Años de garantía totales,1 Año
1161,Operador,Liberado
1161,Sistema Operativo,iOS 14
1161,Cámara,12MP+12MP+12MP|Frontal: 12MP
1161,Otro,
1161,Capacidad de memoria RAM,N/A
1161,Memoria Interna,256 GB
1161,Pantalla,"6.1"""
1161,Batería,1821mAh
1161,Procesador,Apple 14
1181,Años de garantía totales,1 Año
1181,Operador,Liberado
1181,Sistema Operativo,Android
1181,Cámara,64+16+2 MP|Frontal: 16+8MP
1181,Otro,Dual SIM
1181,Capacidad de memoria RAM,8 GB
1181,Memoria Interna,128 GB
1181,Pantalla,"6.5"""
1181,Batería,5000mAh
1181,Procesador,Octa-Core
1221,Tecnología,OLED
1221,Tamaño de pantalla,"48"""
1221,Definición,Ultra High Definition 4K
1221,Potencia de audio (Watts RMS),20 W
1221,Ancho,107.1 cm
1221,Alto sin base de mesa (cm),61.8 cm
1221,Alto con base de mesa (cm),67.9 cm
1221,Peso sin base de mesa (Kg),15 Kg
1221,Peso con base de mesa (Kg),15.3 Kg
1221,Sistema Operativo,Web-OS
1221,Profundidad sin base de mesa (cm),4.7 cm
1221,HDR (High Dynamic Range),Yes
1221,Smart TV / Acceso a Netflix y YouTube,Yes
1221,Cantidad de Hertz,60 Hz
1221,Conexión USB,Yes
1221,Conexiones HDMI / (ARC),3 (Si)
1221,Conexión Wi-Fi,Si
1221,Función espejo (Mirroring),Si
1221,Conexión de audio / video (RCA),No
1221,Garantía,2 años
1221,Otras características,
1221,Conexión Bluetooth,Si
1221,Salida de audio digital óptica,Si
1221,Profunidad con base de mesa (cm),27.1 cm
1221,Asistente de voz,ThinQ AI UHD
1224,Tecnología,OLED
1224,Tamaño de pantalla,"82"""
1224,Definición,Ultra High Definition 4K
1224,Potencia de audio (Watts RMS),40 W
1224,Ancho,
1224,Alto sin base de mesa (cm),
1224,Alto con base de mesa (cm),
1224,Peso sin base de mesa (Kg),
1224,Peso con base de mesa (Kg),
1224,Sistema Operativo,Web-OS
1224,Profundidad sin base de mesa (cm),
1224,HDR (High Dynamic Range),Yes
1224,Smart TV / Acceso a Netflix y YouTube,Yes
1224,Cantidad de Hertz,120 Hz
1224,Conexión USB,Yes
1224,Conexiones HDMI / (ARC),4 (Si)
1224,Conexión Wi-Fi,Si
1224,Función espejo (Mirroring),Si
1224,Conexión de audio / video (RCA),No
1224,Garantía,2 años
1224,Otras características,
1224,Conexión Bluetooth,Si
1224,Salida de audio digital óptica,Si
1224,Profunidad con base de mesa (cm),
1224,Asistente de voz,ThinQ AI UHD
1225,Años de garantía totales,1 Año
1225,Operador,Liberado
1225,Sistema Operativo,Android
1225,Cámara,64MP+8MP+5MP|Frontal: 20MP
1225,Otro,
1225,Capacidad de memoria RAM,6 GB
1225,Memoria Interna,128 GB
1225,Pantalla,"6.5"""
1225,Batería,4200mAh
1225,Procesador,Si
1241,Tamaño de pantalla,"12"""
1241,Años de garantía totales,1 Año
1241,Sistema Operativo,Android
1241,Cámara,Trasera: 8MP | Frontal: 5MP
1241,Otro,"Batería: 10,090mAh"
1241,Capacidad de memoria RAM,4 GB
1241,Batería, 
1241,Procesador,Octa-Core
1241,Capacidad de memoria ROM,64 GB
1241,Conexión LTE,Yes
1282,Tamaño de pantalla,"15.6"""
1282,Ancho,35.9 cm
1282,Profundidad (cm),24.96
1282,Alto (cm),2.49
1282,Capacidad de memoria RAM,8 GB
1282,Almacenamiento,512 GB
1282,Sistema Operativo,Windows 10
1282,Peso,"2,2 kg"
1282,Procesador,Intel Core i5
1282,Tiempo de garantía,3 años
1282,Tarjeta de video,Nvidia GeForce GTX 1650 Ti
1282,Color de iluminación,Blanco
1283,Tamaño de pantalla,"15.6"""
1283,Ancho,36.256
1283,Profundidad (cm),26.061
1283,Alto (cm),2.575
1283,Capacidad de memoria RAM,16 GB
1283,Almacenamiento,512 GB
1283,Sistema Operativo,Windows 10
1283,Peso,2.4 kg
1283,Procesador,AMD Ryzen 5
1283,Tiempo de garantía,1 año
1283,Tarjeta de video,Nvidia GeForce RTX 3060
1283,Color de iluminación,Blanco
1285,Años de garantía totales,1 Año
1285,Operador,Tigo
1285,Sistema Operativo,Android
1285,Cámara,48+8+2+2 MP|Frontal: 13MP
1285,Otro,   
1285,Capacidad de memoria RAM,3 GB
1285,Memoria Interna,32 GB
1285,Pantalla,"6.5"""
1285,Batería,5000mAh
1285,Procesador,Octa-Core
1302,Tamaño de pantalla,"12"""
1302,Años de garantía totales,1 Año
1302,Sistema Operativo,Android
1302,Cámara,Trasera: 8MP | Frontal: 5MP
1302,Otro,"Batería : 10,090mAh"
1302,Capacidad de memoria RAM,4 GB
1302,Batería, 
1302,Procesador,Octa-Core
1302,Capacidad de memoria ROM,64 GB
1302,Conexión LTE,Yes
1304,Tamaño de pantalla,"10.2"""
1304,Años de garantía totales,1 Año
1304,Sistema Operativo,iOS
1304,Cámara,8MPx
1304,Otro,
1304,Capacidad de memoria RAM,N/A
1304,Batería, 
1304,Procesador,A12 Bionic
1304,Capacidad de memoria ROM,128 GB
1304,Conexión LTE,No
1341,Tamaño de pantalla,"14"""
1341,Otro,Gráficos integrados AMD Radeon Vega 3
1341,Capacidad de memoria RAM,8 GB
1341,Tipo Procesador,AMD Ryzen 3
1341,Almacenamiento,N/A
1341,Sistema Operativo,Windows 10
1341,Conexión Wi-Fi,Si
1341,Cámara Web,Yes
1341,Pantalla táctil,N/A
1341,Capacidad SSD,256 GB
1341,Conexión Bluetooth,Si
1341,Tipo de uso,Esencial
1341,Duración de batería,4 horas máximo (30 Wh)
1341,Almacenamiento de estado sólido,Yes
1341,Memoria Intel Optane,N/A
1381,Tamaño de pantalla,"12"""
1381,Años de garantía totales,1 Año
1381,Sistema Operativo,Android
1381,Cámara,Trasera: 8MP | Frontal: 5MP
1381,Otro,"Batería de 10,090mAh"
1381,Capacidad de memoria RAM,4 GB
1381,Batería, 
1381,Procesador,Octa-Core
1381,Capacidad de memoria ROM,64 GB
1381,Conexión LTE,No
1384,Resolución de video,4K
1384,Estabilizador de imagen ,Si
1384,Tipo de estabilizador,3-axis
1384,Resolución de fotografía,12 Megapíxeles
1384,Bluetooth,Si
1384,Control remoto,Yes
1384,HDR (High Dynamic Range),No
1384,Conexión Wi-Fi,Si
1384,Memoria Interna,8 GB
1384,Altura máxima de vuelo (m),6000 metros
1384,Distancia máxima de vuelo (km),16.8km
1384,Velocidad máxima de vuelo (m/s),10 metros
1384,Tiempo máximo de vuelo (min),20 Minutos
1384,Detección de obstáculos,Si
1384,Tipo de memoria externa,MicroSD
1384,Memoria externa,128 GB
1385,Resolución de video, 2.7K: 2720 × 1530 24/25/30 p FHD: 1920 × 1080 24/25/30/48/50/60 p
1385,Estabilizador de imagen ,Si
1385,Tipo de estabilizador, 3 ejes
1385,Resolución de fotografía,12 MP.
1385,Bluetooth,N/A
1385,Control remoto,Yes
1385,HDR (High Dynamic Range),No
1385,Conexión Wi-Fi,Si
1385,Memoria Interna,N/A
1385,Altura máxima de vuelo (m),3000
1385,Distancia máxima de vuelo (km),4
1385,Velocidad máxima de vuelo (m/s),13
1385,Tiempo máximo de vuelo (min),30 minutos (medidos mientras se vuela a 17 km / h en condiciones sin viento)
1385,Detección de obstáculos,Si
1385,Tipo de memoria externa,MicroSD
1385,Memoria externa,128 GB
1402,Tamaño de pantalla,"12"""
1402,Años de garantía totales,1 Año
1402,Sistema Operativo,Android
1402,Cámara,Trasera: 8MP | Frontal: 5MP
1402,Otro,"Batería: 10,090mAh"
1402,Capacidad de memoria RAM,4 GB
1402,Batería, 
1402,Procesador,Octa-Core
1402,Capacidad de memoria ROM,64 GB
1402,Conexión LTE,No
1441,Conectividad,USB-C
1441,Funcionalidad,Adaptador de corriente
1442,Capacidad de memoria RAM,8 GB
1442,Almacenamiento, 
1442,Sistema Operativo,N/A
1442,Conexión Wi-Fi,Si
1442,Procesador,Si
1442,Cámara Web,Yes
1442,Pantalla táctil,No
1442,Capacidad SSD,256 GB
1442,Conexión Bluetooth,Si
1442,Tipo de uso,Avanzado
1442,Monitor,Si
1442,Almacenamiento de estado sólido,No
1442,Memoria Intel Optane,N/A
1442,Tipo,Escritorio
1443,Tamaño de pantalla,"14"""
1443,Otro,N/A
1443,Capacidad de memoria RAM,8 GB
1443,Tipo Procesador,Intel Core i3
1443,Almacenamiento,N/A
1443,Sistema Operativo,Windows 10
1443,Conexión Wi-Fi,Si
1443,Cámara Web,Yes
1443,Pantalla táctil,N/A
1443,Capacidad SSD,256 GB
1443,Conexión Bluetooth,Si
1443,Tipo de uso,Esencial
1443,Duración de batería,9 horas máximo (35 Wh)
1443,Almacenamiento de estado sólido,Yes
1443,Memoria Intel Optane,N/A
1444,Tamaño de pantalla,"15.6"""
1444,Otro,N/A
1444,Capacidad de memoria RAM,12 GB
1444,Tipo Procesador,Intel Core i7
1444,Almacenamiento,N/A
1444,Sistema Operativo,Windows 10
1444,Conexión Wi-Fi,Si
1444,Cámara Web,Yes
1444,Pantalla táctil,Si
1444,Capacidad SSD,512 GB
1444,Conexión Bluetooth,Si
1444,Tipo de uso,Premium
1444,Duración de batería,Varía de acuerdo con las condiciones de uso 
1444,Almacenamiento de estado sólido,Yes
1444,Memoria Intel Optane,N/A
1445,Tamaño de pantalla,"15.6"""
1445,Otro,N/A
1445,Capacidad de memoria RAM,8 GB
1445,Tipo Procesador,Intel Core i5
1445,Almacenamiento,N/A
1445,Sistema Operativo,Windows 10
1445,Conexión Wi-Fi,Si
1445,Cámara Web,Yes
1445,Pantalla táctil,Si
1445,Capacidad SSD,512 GB
1445,Conexión Bluetooth,Si
1445,Tipo de uso,Avanzado
1445,Duración de batería,Varía de acuerdo con las condiciones de uso
1445,Almacenamiento de estado sólido,Yes
1445,Memoria Intel Optane,N/A
1449,Tipo de vaso,Policarbonato
1449,Velocidades,2
1449,Potencia,n/a
1449,Capacidad,n/a
1501,Ancho,
1501,Profundidad (cm),
1501,Capacidad En Pies Cúbicos (Brutos), 
1501,Años de garantía totales,
1501,Tipo de panel, 
1501,Termostato En Horno,No
1501,Sistema De Convección,No
1501,Función Programable De Horno,No
1501,Auto Limpieza En Horno,No
1501,Asador, 
1501,Luz Interior,No
1501,Alto (cm),
1501,Combustión, 
1501,Conexión Wi-Fi, 
1521,Ancho,86
1521,Profundidad (cm),51
1521,Años de garantía totales,1
1521,Cantidad De Hornillas,5
1521,Alto (cm),7
1521,Combustión,Gas
1521,Ancho,"36"""
1521,Encendido eléctrico en quemadores,No
1521,Parrillas hierro fundido,No
1521,Acabado en cubierta,Acero
1522,Ancho,
1522,Profundidad (cm),
1522,Años de garantía totales,
1522,Luz Interior,No
1522,Alto (cm),
1522,Kit de recirculación, 
1522,Vidrio, 
1522,Conexión Wi-Fi, 
1541,Años de garantía totales,1
1541,Micrófono Integrado,No
1541,Potencia,4 Watts
1541,Resistente al agua,Si
1541,Duración de batería,5
1541,Clasificación IP,IP67
1541,Tiempo de carga (hrs),2.5
1541,Iluminación,No
1542,Años de garantía totales,1
1542,Micrófono Integrado,No
1542,Potencia,4 Watts
1542,Resistente al agua,Si
1542,Duración de batería,5 hrs
1542,Clasificación IP,IP67
1542,Tiempo de carga (hrs),2.5
1542,Iluminación,No
1561,Capacidad En Watts,
1561,Rejilla antihaderente, 
1561,Rotativo, 
1561,Rejilla desmontable,No
1563,Edad,16-50
1563,Velocidad (max.), 
1563,Autonomía,60 km+
1563,Velocidades,
1563,Material, 
1563,Tiempo de carga (hrs),
1563,Tipo,E-Bike
1563,Tamaño, 
1563,Suspensión,Delantera / Trasera
1563,Talla, 
1563,Freno, 
1564,Edad,16-50
1564,Velocidad (max.), 
1564,Autonomía,60 km+
1564,Velocidades,
1564,Material, 
1564,Tiempo de carga (hrs),
1564,Tipo,E-Bike
1564,Tamaño, 
1564,Suspensión,Delantera / Trasera
1564,Talla, 
1564,Freno, 
1565,Edad, 
1565,Velocidad (max.),N/A
1565,Autonomía,60 km+
1565,Velocidades,
1565,Material, 
1565,Tiempo de carga (hrs),
1565,Tipo,E-Bike
1565,Tamaño, 
1565,Suspensión,Delantera / Trasera
1565,Talla, 
1565,Freno, 
1566,Edad,16-50
1566,Velocidad (max.), 
1566,Autonomía,60 km+
1566,Velocidades,
1566,Material, 
1566,Tiempo de carga (hrs),
1566,Tipo,E-Bike
1566,Tamaño, 
1566,Suspensión,Delantera / Trasera
1566,Talla, 
1566,Freno, 
1567,Edad, 
1567,Velocidad (max.), 
1567,Autonomía,60 km+
1567,Velocidades,
1567,Material, 
1567,Tiempo de carga (hrs),
1567,Tipo,E-Bike
1567,Tamaño, 
1567,Suspensión,Delantera / Trasera
1567,Talla, 
1567,Freno, 
1568,Edad, 
1568,Velocidad (max.), 
1568,Autonomía,60 km+
1568,Velocidades,
1568,Material, 
1568,Tiempo de carga (hrs),
1568,Tipo,E-Bike
1568,Tamaño, 
1568,Suspensión,Delantera / Trasera
1568,Talla, 
1568,Freno, 
1570,Ancho,
1570,Profundidad (cm),
1570,Sistema De Deshielo, 
1570,Capacidad En Pies Cúbicos (Brutos), 
1570,Capacidad En Pies Cúbicos (Netos), 
1570,Dispensador Manual De Agua,No
1570,Dispensador Automático De Agua,No
1570,Dispensador Manual De Hielo,No
1570,Dispensador Automático De Hielo,No
1570,Minibar Externo,No
1570,Alto (cm),
1570,Color, 
1570,Tipo de Refrigerador, 
1570,Ahorro en consumo energético, 
1570,Entrepaños, 
1570,Gavetas para vegetales, 
1570,Haladeras, 
1570,Tipo de luz en refrigerador, 
1570,Tipo de luz en el congelador, 
1570,Años de garantía totales, 
1570,Conexión Wi-Fi, 
1570,Tecnología, 
1581,Apagado Automático,No
1581,Vapor vertical,No
1581,Función al vapor,No
1581,Rociador,No
1581,Cable Giratorio,No
1583,Apagado Automático,No
1583,Vapor vertical,No
1583,Función al vapor,No
1583,Rociador,No
1583,Cable Giratorio,No
1601,Tamaño de circunferencia, 
1601,GPS, 
1601,Resistente al agua, 
1601,Pantalla táctil, 
1601,Pulso cardiaco en muñeca, 
1601,Duración de batería,
1601,Registro de actividad,No
1601,Notificaciones,No
1601,Medición de oxígeno,No
1601,Tipo de carga, 
1621,Ancho,66 cm
1621,Profundidad (cm),66 cm
1621,Años de garantía totales,1 Año
1621,Tipo de panel,Perillas
1621,Tipo de carga,Superior
1621,Señal De Fin De Ciclo,No
1621,Alto (cm),109 cm
1621,Color,Blanco
1621,Ahorro en consumo energético,Estándar
1621,Capacidad interna en libras,44
1621,Tipo de propela,Agitador
1621,Material de la tina,Acero
1621,Depósito de detergente,Yes
1621,Depósito de suavizante,No
1621,Depósito de cloro,No
1621,Filtro atrapamota,No
1621,Lavado programable,No
1621,¿Funciona con llenado manual?,No
1621,Ciclos de lavado,20
1621,Temperaturas,1
1621,Niveles de agua,1
1621,Sistema de transmisión directa,No
1621,Tipo de tapa,Acrílico
1621,Conexión Wi-Fi,No
1621,Tecnología,N/A
1641,Años de garantía totales,1
1641,Micrófono Integrado,No
1641,Potencia,50 Watts
1641,Resistente al agua,No
1641,Duración de batería,8 horas 
1641,Clasificación IP,IPX2
1641,Tiempo de carga (hrs),5 horas
1641,Iluminación,No
1642,Años de garantía totales,1
1642,Micrófono Integrado,No
1642,Potencia,50 Watts
1642,Resistente al agua,No
1642,Duración de batería,8 horas 
1642,Clasificación IP,IPX2
1642,Tiempo de carga (hrs),5 horas
1642,Iluminación,No
1643,Género,Disparos
1643,Clasificación,M
1643,Multijugador,En línea
1643,Año de lanzamiento,2021
1643,Requiere internet,Si
1643,Contenido extra,N/A
1644,Años de garantía totales,1
1644,Micrófono Integrado,No
1644,Potencia,50 Watts
1644,Resistente al agua,No
1644,Duración de batería,8 horas 
1644,Clasificación IP,IPX2
1644,Tiempo de carga (hrs),5 horas
1644,Iluminación,No
1661,Género,Disparos
1661,Clasificación,M
1661,Multijugador,En línea
1661,Año de lanzamiento,2021
1661,Requiere internet,Si
1661,Contenido extra,N/A
1663,Género,Disparos
1663,Clasificación,M
1663,Multijugador,En línea
1663,Año de lanzamiento,2021
1663,Requiere internet,Yes
1663,Contenido extra,N/A
1684,Tamaño de pantalla,"14"""
1684,Otro,N/A
1684,Capacidad de memoria RAM,16 GB
1684,Tipo Procesador,Intel Core i5
1684,Almacenamiento,N/A
1684,Sistema Operativo,Windows 10
1684,Conexión Wi-Fi,Si
1684,Cámara Web,Yes
1684,Pantalla táctil,No
1684,Capacidad SSD,512 GB
1684,Conexión Bluetooth,Si
1684,Tipo de uso,Avanzado
1684,Duración de batería,Varía de acuerdo con las condiciones de uso
1684,Almacenamiento de estado sólido,Yes
1684,Memoria Intel Optane,N/A
1685,Tamaño de pantalla, 
1685,Otro,
1685,Capacidad de memoria RAM, 
1685,Tipo Procesador, 
1685,Almacenamiento, 
1685,Sistema Operativo, 
1685,Conexión Wi-Fi, 
1685,Cámara Web,No
1685,Pantalla táctil, 
1685,Capacidad SSD, 
1685,Conexión Bluetooth, 
1685,Tipo de uso, 
1685,Duración de batería,
1685,Almacenamiento de estado sólido,No
1685,Memoria Intel Optane, 
1686,Tamaño de pantalla, 
1686,Otro,
1686,Capacidad de memoria RAM, 
1686,Tipo Procesador, 
1686,Almacenamiento, 
1686,Sistema Operativo, 
1686,Conexión Wi-Fi, 
1686,Cámara Web,No
1686,Pantalla táctil, 
1686,Capacidad SSD, 
1686,Conexión Bluetooth, 
1686,Tipo de uso, 
1686,Duración de batería,
1686,Almacenamiento de estado sólido,No
1686,Memoria Intel Optane, 
1687,Años de garantía totales,1 Año
1687,Operador,Liberado
1687,Sistema Operativo,iOS 14
1687,Cámara,12MP+12MP+12MP | Frontal: 12MP
1687,Otro, Compatible con la RED 5G.
1687,Capacidad de memoria RAM,N/A
1687,Memoria Interna,256 GB
1687,Pantalla,"6.1"""
1687,Batería,1821mAh
1687,Procesador,Apple 14
1688,Género,Otros
1688,Mario Bros,No
1688,Clasificación,E
1688,Multijugador,En línea
1688,Año de lanzamiento,2021
1688,Requiere internet,Yes
1688,Contenido extra,DLC
1690,Tipo de control, 
1690,Potencia,
1690,Sistema de leche, 
1690,Incluye molino, 
1690,Selector intensidad,No
1690,Bandeja caliente,No
1691,Tamaño de circunferencia,46mm
1691,GPS,Si
1691,Resistente al agua,Si
1691,Pantalla táctil,Si
1691,Pulso cardiaco en muñeca,Si
1691,Duración de batería,36 horas.
1691,Registro de actividad,Yes
1691,Notificaciones,Yes
1691,Medición de oxígeno,Yes
1691,Tipo de carga,Alámbrica
1692,Tamaño de circunferencia,42mm
1692,GPS,Si
1692,Resistente al agua,Si
1692,Pantalla táctil,Si
1692,Pulso cardiaco en muñeca,Si
1692,Duración de batería,36 horas
1692,Registro de actividad,Yes
1692,Notificaciones,Yes
1692,Medición de oxígeno,Yes
1692,Tipo de carga,Alámbrica
1693,Tamaño de circunferencia,41mm
1693,GPS,Si
1693,Resistente al agua,Si
1693,Pantalla táctil,Si
1693,Pulso cardiaco en muñeca,Si
1693,Duración de batería,36 horas
1693,Registro de actividad,Yes
1693,Notificaciones,Yes
1693,Medición de oxígeno,Yes
1693,Tipo de carga,Alámbrica
1694,Tamaño de pantalla,"10.2"""
1694,Años de garantía totales,1 Año
1694,Sistema Operativo,Android
1694,Cámara,Trasera: 8MP | Frontal: 5MP
1694,Otro,Procesador: MediaTek Helio P22T
1694,Capacidad de memoria RAM,4 GB
1694,Batería,5000mAh
1694,Procesador,Si
1694,Capacidad de memoria ROM,64 GB
1694,Conexión LTE,Yes
1695,Tamaño de circunferencia,43.4mm
1695,GPS,Si
1695,Resistente al agua,Si
1695,Pantalla táctil,Si
1695,Pulso cardiaco en muñeca,Si
1695,Duración de batería,Hasta 40 horas
1695,Registro de actividad,Yes
1695,Notificaciones,Yes
1695,Medición de oxígeno,No
1695,Tipo de carga,Alámbrica
1696,Tamaño de circunferencia,40mm
1696,GPS,Si
1696,Resistente al agua,Si
1696,Pantalla táctil,Si
1696,Pulso cardiaco en muñeca,Si
1696,Duración de batería,36 horas
1696,Registro de actividad,Yes
1696,Notificaciones,Yes
1696,Medición de oxígeno,No
1696,Tipo de carga,Alámbrica
1697,Tamaño de circunferencia,40mm
1697,GPS,Si
1697,Resistente al agua,Si
1697,Pantalla táctil,Si
1697,Pulso cardiaco en muñeca,Si
1697,Duración de batería,36 horas.
1697,Registro de actividad,Yes
1697,Notificaciones,Yes
1697,Medición de oxígeno,No
1697,Tipo de carga,Alámbrica
1701,Tipo de estuche, 
1721,Tamaño de pantalla,"10"""
1721,Años de garantía totales,1 Año
1721,Sistema Operativo,Android
1721,Cámara,Trasera: 8MP | Frontal: 5MP
1721,Otro,Procesador: MediaTek Helio P22T
1721,Capacidad de memoria RAM,2 GB
1721,Batería,5000mAh
1721,Procesador,Si
1721,Capacidad de memoria ROM,32 GB
1721,Conexión LTE,Yes
1732,Ancho,
1732,Profundidad (cm),
1732,Función Karaoke, 
1732,Conexión HDMI, 
1732,Alto (cm),
1732,Entrada Para Micrófono Externo, 
1732,Sintonizador , 
1732,Entrada Auxiliar, 
1732,Conexión Wi-Fi, 
1732,NFC,No
1732,Puertos USB, 
1732,Número de discos, 
1732,Reproductor de DVD,No
1732,Función de Enfatización de Graves, 
1732,Parlantes con iluminación LED,No
1732,Mezclador,No
1732,Crossfader,No
1732,Vías sistema de bocinas, 
1732,Tamaño de subwoofer (cm), 
1732,Potencia PMPO new,
1732,Potencia RMS new,
1741,Ancho,
1741,Profundidad (cm),
1741,Años de garantía totales,
1741,Tipo de panel, 
1741,Tipo de carga, 
1741,Señal De Fin De Ciclo,No
1741,Alto (cm),
1741,Color, 
1741,Ahorro en consumo energético, 
1741,Capacidad interna en libras, 
1741,Tipo de propela, 
1741,Material de la tina, 
1741,Depósito de detergente,No
1741,Depósito de suavizante,No
1741,Depósito de cloro,No
1741,Filtro atrapamota,No
1741,Lavado programable,No
1741,¿Funciona con llenado manual?,No
1741,Ciclos de lavado, 
1741,Temperaturas, 
1741,Niveles de agua, 
1741,Sistema de transmisión directa,No
1741,Tipo de tapa, 
1741,Conexión Wi-Fi, 
1741,Tecnología, 
1742,Ancho,
1742,Profundidad (cm),
1742,Tipo de panel, 
1742,Tipo de carga, 
1742,Sensor De Secado,No
1742,Señal De Fin De Ciclo,No
1742,Luz Interior,No
1742,Alto (cm),
1742,Color, 
1742,Capacidad interna en libras, 
1742,Tipo de Voltaje, 
1742,Años de garantía totales, 
1742,Material de la tina, 
1742,Filtro atrapamota,No
1742,Temperaturas, 
1742,Funcionamiento, 
1742,Ciclos de secado, 
1742,Conexión Wi-Fi, 
1745,Años de garantía totales,1 Año
1745,Operador,Liberado
1745,Sistema Operativo,iOS 14
1745,Cámara,12MP+12MP+12MP | Frontal: 12MP
1745,Otro, Compatible con la RED 5G.
1745,Capacidad de memoria RAM,N/A
1745,Memoria Interna,256 GB
1745,Pantalla,"6.1"""
1745,Batería,1821mAh
1745,Procesador,Apple 14
1762,Tamaño de pantalla,"14"""
1762,Otro,N/A
1762,Capacidad de memoria RAM,8 GB
1762,Tipo Procesador,Intel Core i5
1762,Almacenamiento,N/A
1762,Sistema Operativo,Windows 10 Pro
1762,Conexión Wi-Fi,Si
1762,Cámara Web,Yes
1762,Pantalla táctil,No
1762,Capacidad SSD,512 GB
1762,Conexión Bluetooth,Si
1762,Tipo de uso,Avanzado
1762,Duración de batería,Varía de acuerdo con las condiciones de uso
1762,Almacenamiento de estado sólido,Yes
1762,Memoria Intel Optane,N/A
1763,Tamaño de pantalla,"14"""
1763,Otro,N/A
1763,Capacidad de memoria RAM,16 GB
1763,Tipo Procesador,Intel Core i5
1763,Almacenamiento,N/A
1763,Sistema Operativo,Windows 10 Pro
1763,Conexión Wi-Fi,Si
1763,Cámara Web,Yes
1763,Pantalla táctil,No
1763,Capacidad SSD,512 GB
1763,Conexión Bluetooth,Si
1763,Tipo de uso,Avanzado
1763,Duración de batería,Hasta 12 horas
1763,Almacenamiento de estado sólido,Yes
1763,Memoria Intel Optane,N/A
1764,Tamaño de pantalla,"14"""
1764,Otro,N/A
1764,Capacidad de memoria RAM,8 GB
1764,Tipo Procesador,Intel Core i7
1764,Almacenamiento,N/A
1764,Sistema Operativo,Windows 10 Pro
1764,Conexión Wi-Fi,Si
1764,Cámara Web,Yes
1764,Pantalla táctil,No
1764,Capacidad SSD,512 GB
1764,Conexión Bluetooth,No
1764,Tipo de uso,Premium
1764,Duración de batería,Varía de acuerdo con las condiciones de uso
1764,Almacenamiento de estado sólido,Yes
1764,Memoria Intel Optane,N/A
1802,Micrófono Integrado,Si
1802,NFC,No
1802,Peso,16.2g
1802,Tiempo de garantía,1 año
1802,Resistente al agua,No
1802,Tipo de audífono,In Ear
1802,Noise Cancelling,No
1802,Opción cable auxiliar,No
1802,Duración de batería,6 horas
1802,Clasificación IP,IPX2
1821,Tecnología,NanoCell
1821,Tamaño de pantalla,"86"""
1821,Definición,High Definition 8K
1821,Potencia de audio (Watts RMS),60 W
1821,Ancho,191.77 cm
1821,Alto sin base de mesa (cm),109.72 cm
1821,Alto con base de mesa (cm),116.78 cm
1821,Peso sin base de mesa (Kg),54.88 Kg.
1821,Peso con base de mesa (Kg),55.88 Kg.
1821,Sistema Operativo,Web-OS
1821,Profundidad sin base de mesa (cm),3.48 cm
1821,HDR (High Dynamic Range),Yes
1821,Smart TV / Acceso a Netflix y YouTube,Yes
1821,Cantidad de Hertz,120 Hz
1821,Conexión USB,Yes
1821,Conexiones HDMI / (ARC),4 (Si)
1821,Conexión Wi-Fi,Si
1821,Función espejo (Mirroring),Si
1821,Conexión de audio / video (RCA),No
1821,Garantía,2 años
1821,Otras características,
1821,Conexión Bluetooth,Si
1821,Salida de audio digital óptica,No
1821,Profunidad con base de mesa (cm),35.81 cm
1821,Asistente de voz,ThinQ AI UHD
1881,Años de garantía totales,1 Año
1881,Operador,Liberado
1881,Sistema Operativo,Android
1881,Cámara,48+8+2+2 MP|Frontal: 20 MP
1881,Otro,      
1881,Capacidad de memoria RAM,8 GB
1881,Memoria Interna,256 GB
1881,Pantalla,"6.6"""
1881,Batería,5100mAh
1881,Procesador,Octa-Core
1882,Años de garantía totales,1 Año
1882,Operador,Liberado
1882,Sistema Operativo,Android
1882,Cámara,48+8+2+2 MP|Frontal: 20MP
1882,Otro,    
1882,Capacidad de memoria RAM,6 GB
1882,Memoria Interna,128 GB
1882,Pantalla,"6.6"""
1882,Batería,5100mAh
1882,Procesador,Octa-Core
1884,Años de garantía totales,
1884,Operador, 
1884,Sistema Operativo, 
1884,Cámara,
1884,Otro,
1884,Capacidad de memoria RAM, 
1884,Memoria Interna, 
1884,Pantalla, 
1884,Batería, 
1884,Procesador, 
1885,Años de garantía totales,
1885,Operador, 
1885,Sistema Operativo, 
1885,Cámara,
1885,Otro,
1885,Capacidad de memoria RAM, 
1885,Memoria Interna, 
1885,Pantalla, 
1885,Batería, 
1885,Procesador, 
1902,Tipo de accesorio,Energia
1902,Compatibilidad,"HERO7 BLACK, HERO6, HERO5, HERO 2018"
1903,Tipo de accesorio,Montaje   
1903,Compatibilidad,Cu00e1maras GoPro 
1914,Tamaño de circunferencia,47mm
1914,GPS,Si
1914,Resistente al agua,100 m
1914,Pantalla táctil,No
1914,Pulso cardiaco en muñeca,Si
1914,Duración de batería,
1914,Registro de actividad,
1914,Notificaciones,
1914,Medición de oxígeno,
1914,Tipo de carga, 
1915,Tamaño de circunferencia,23.5mm
1915,GPS,Si
1915,Resistente al agua,50 m
1915,Pantalla táctil,No
1915,Pulso cardiaco en muñeca,Si
1915,Duración de batería,
1915,Registro de actividad,
1915,Notificaciones,
1915,Medición de oxígeno,
1915,Tipo de carga, 
1917,Tamaño de circunferencia,43.4mm
1917,GPS,Si
1917,Resistente al agua,Si
1917,Pantalla táctil,Si
1917,Pulso cardiaco en muñeca,Si
1917,Duración de batería,
1917,Registro de actividad,
1917,Notificaciones,
1917,Medición de oxígeno,
1917,Tipo de carga, 
1919,Tamaño de circunferencia,43.4mm
1919,GPS,Si
1919,Resistente al agua,No
1919,Pantalla táctil,Si
1919,Pulso cardiaco en muñeca,Si
1919,Duración de batería,Hasta 7 días.
1919,Registro de actividad,Si
1919,Notificaciones,Si
1919,Medición de oxígeno,No
1919,Tipo de carga,Convencional
1920,Tamaño de circunferencia,N/A
1920,GPS,Si
1920,Resistente al agua,50 m
1920,Pantalla táctil,Si
1920,Pulso cardiaco en muñeca,Si
1920,Duración de batería,
1920,Registro de actividad,
1920,Notificaciones,
1920,Medición de oxígeno,
1920,Tipo de carga, 
1921,Tamaño de circunferencia,N/A
1921,GPS,Si
1921,Resistente al agua,50 m
1921,Pantalla táctil,Si
1921,Pulso cardiaco en muñeca,N/A
1921,Duración de batería,
1921,Registro de actividad,
1921,Notificaciones,
1921,Medición de oxígeno,
1921,Tipo de carga, 
1922,Tamaño de circunferencia,43.4mm
1922,GPS,Si
1922,Resistente al agua,50 m
1922,Pantalla táctil,Si
1922,Pulso cardiaco en muñeca,Si
1922,Duración de batería,7 Du00edas
1922,Registro de actividad,No
1922,Notificaciones,No
1922,Medición de oxígeno,No
1922,Tipo de carga,Alámbrica
1923,Tamaño de circunferencia,N/A
1923,GPS,Si
1923,Resistente al agua,50 m
1923,Pantalla táctil,Si
1923,Pulso cardiaco en muñeca,Si
1923,Duración de batería,
1923,Registro de actividad,
1923,Notificaciones,
1923,Medición de oxígeno,
1923,Tipo de carga, 
1929,Tamaño de circunferencia,N/A
1929,GPS,No
1929,Resistente al agua,Si
1929,Pantalla táctil,Si
1929,Pulso cardiaco en muñeca,Si
1929,Duración de batería,7 Du00edas
1929,Registro de actividad,Yes
1929,Notificaciones,No
1930,Tamaño de circunferencia,N/A
1930,GPS,No
1930,Resistente al agua,Si
1930,Pantalla táctil,Si
1930,Pulso cardiaco en muñeca,Si
1930,Duración de batería,7 Du00edas
1930,Registro de actividad,Yes
1930,Notificaciones,No
1932,Tamaño de circunferencia,N/A
1932,GPS,Si
1932,Resistente al agua,N/A
1932,Pantalla táctil,No
1932,Pulso cardiaco en muñeca,N/A
1932,Duración de batería,
1932,Registro de actividad,
1932,Notificaciones,
1932,Medición de oxígeno,
1932,Tipo de carga, 
1933,Tamaño de circunferencia,N/A
1933,GPS,Si
1933,Resistente al agua,N/A
1933,Pantalla táctil,Si
1933,Pulso cardiaco en muñeca,N/A
1933,Duración de batería,null
1933,Registro de actividad,Yes
1933,Notificaciones,No
1933,Medición de oxígeno,No
1933,Tipo de carga,Convencional
1934,Tamaño de circunferencia,47mm
1934,GPS,Si
1934,Resistente al agua,50 m
1934,Pantalla táctil,Si
1934,Pulso cardiaco en muñeca,Si
1934,Duración de batería,14 dias
1934,Registro de actividad,Yes
1934,Notificaciones,Yes
1934,Medición de oxígeno,Yes
1934,Tipo de carga,Alámbrica
1935,Tamaño de circunferencia,45mm
1935,GPS,Si
1935,Resistente al agua,Si
1935,Pantalla táctil,Si
1935,Pulso cardiaco en muñeca,Si
1935,Duración de batería,14 Dias
1935,Registro de actividad,Yes
1935,Notificaciones,Yes
1935,Medición de oxígeno,No
1935,Tipo de carga,Convencional
1936,Tamaño de circunferencia,45mm
1936,GPS,Si
1936,Resistente al agua,Si
1936,Pantalla táctil,Si
1936,Pulso cardiaco en muñeca,Si
1936,Duración de batería,14 Dias
1936,Registro de actividad,Yes
1936,Notificaciones,Yes
1936,Medición de oxígeno,No
1936,Tipo de carga,Convencional
1937,Tamaño de circunferencia,42mm
1937,GPS,Si
1937,Resistente al agua,50 m
1937,Pantalla táctil,No
1937,Pulso cardiaco en muñeca,Si
1937,Duración de batería,7 Du00edas
1937,Registro de actividad,No
1937,Notificaciones,No
1937,Medición de oxígeno,No
1937,Tipo de carga,Alámbrica
1938,Tamaño de circunferencia,N/A
1938,GPS,Si
1938,Resistente al agua,50 m
1938,Pantalla táctil,No
1938,Pulso cardiaco en muñeca,Si
1938,Duración de batería,168 horas
1938,Registro de actividad,No
1938,Notificaciones,No
1938,Medición de oxígeno,No
1938,Tipo de carga,Alámbrica
1939,Tamaño de circunferencia,42mm
1939,GPS,Si
1939,Resistente al agua,50 m
1939,Pantalla táctil,N/A
1939,Pulso cardiaco en muñeca,Si
1939,Duración de batería,7 días.
1939,Registro de actividad,No
1939,Notificaciones,No
1939,Medición de oxígeno,No
1939,Tipo de carga,Alámbrica
1940,Tamaño de circunferencia,42mm
1940,GPS,Si
1940,Resistente al agua,50 m
1940,Pantalla táctil,No
1940,Pulso cardiaco en muñeca,Si
1940,Duración de batería,7 días
1940,Registro de actividad,No
1940,Notificaciones,No
1940,Medición de oxígeno,No
1940,Tipo de carga,Alámbrica
1941,Tamaño de circunferencia,N/A
1941,GPS,Si
1941,Resistente al agua,Si
1941,Pantalla táctil,Si
1941,Pulso cardiaco en muñeca,Si
1941,Duración de batería,Hasta 21 dias
1941,Registro de actividad,Yes
1941,Notificaciones,Yes
1941,Medición de oxígeno,No
1941,Tipo de carga,Convencional
1942,Tamaño de circunferencia,N/A
1942,GPS,Si
1942,Resistente al agua,100 m
1942,Pantalla táctil,Si
1942,Pulso cardiaco en muñeca,Si
1942,Duración de batería,Hasta 24 dias
1942,Registro de actividad,Yes
1942,Notificaciones,Yes
1942,Medición de oxígeno,No
1942,Tipo de carga,Alámbrica
1943,Tamaño de circunferencia,47mm
1943,GPS,Si
1943,Resistente al agua,100 m
1943,Pantalla táctil,Si
1943,Pulso cardiaco en muñeca,Si
1943,Duración de batería,14 dias
1943,Registro de actividad,Yes
1943,Notificaciones,Yes
1943,Medición de oxígeno,Yes
1943,Tipo de carga,Solar
1944,Tamaño de circunferencia,47mm
1944,GPS,Si
1944,Resistente al agua,100 m
1944,Pantalla táctil,Si
1944,Pulso cardiaco en muñeca,Si
1944,Duración de batería,14 Dias
1944,Registro de actividad,Yes
1944,Notificaciones,Yes
1944,Medición de oxígeno,No
1944,Tipo de carga,Solar
1945,Tamaño de circunferencia,47mm
1945,GPS,Si
1945,Resistente al agua,Si
1945,Pantalla táctil,Si
1945,Pulso cardiaco en muñeca,Si
1945,Duración de batería,14 Dias
1945,Registro de actividad,Yes
1945,Notificaciones,Yes
1945,Medición de oxígeno,No
1945,Tipo de carga,Solar
1946,Tamaño de circunferencia,43.4mm
1946,GPS,Si
1946,Resistente al agua,100 m
1946,Pantalla táctil,No
1946,Pulso cardiaco en muñeca,Si
1946,Duración de batería,14 Dias
1946,Registro de actividad,Yes
1946,Notificaciones,Yes
1946,Medición de oxígeno,No
1946,Tipo de carga,Solar
1947,Tamaño de circunferencia,43.4mm
1947,GPS,Si
1947,Resistente al agua,50 m
1947,Pantalla táctil,Si
1947,Pulso cardiaco en muñeca,Si
1947,Duración de batería,7 Du00edas
1947,Registro de actividad,No
1947,Notificaciones,No
1947,Medición de oxígeno,No
1947,Tipo de carga,Alámbrica
1948,Tamaño de circunferencia,N/A
1948,GPS,Si
1948,Resistente al agua,50 m
1948,Pantalla táctil,Si
1948,Pulso cardiaco en muñeca,Si
1948,Duración de batería,7 Du00edas
1948,Registro de actividad,No
1948,Notificaciones,No
1948,Medición de oxígeno,No
1948,Tipo de carga,Alámbrica
1949,Tamaño de circunferencia,43.4mm
1949,GPS,Si
1949,Resistente al agua,50 m
1949,Pantalla táctil,Si
1949,Pulso cardiaco en muñeca,Si
1949,Duración de batería,5 dias
1949,Registro de actividad,Yes
1949,Notificaciones,Yes
1949,Medición de oxígeno,No
1949,Tipo de carga,Alámbrica
1950,Tamaño de circunferencia,N/A
1950,GPS,Si
1950,Resistente al agua,50 m
1950,Pantalla táctil,Si
1950,Pulso cardiaco en muñeca,Si
1950,Duración de batería,5 dias
1950,Registro de actividad,No
1950,Notificaciones,No
1950,Medición de oxígeno,No
1950,Tipo de carga,Alámbrica
1951,Tamaño de circunferencia,42mm
1951,GPS,Si
1951,Resistente al agua,50 m
1951,Pantalla táctil,Si
1951,Pulso cardiaco en muñeca,Si
1951,Duración de batería,5 dias
1951,Registro de actividad,No
1951,Notificaciones,No
1951,Medición de oxígeno,No
1951,Tipo de carga,Alámbrica
1952,Tamaño de circunferencia,N/A
1952,GPS,Si
1952,Resistente al agua,50 m
1952,Pantalla táctil,Si
1952,Pulso cardiaco en muñeca,Si
1952,Duración de batería,
1952,Registro de actividad,No
1952,Notificaciones,No
1952,Medición de oxígeno,No
1952,Tipo de carga,Alámbrica
1953,Tamaño de circunferencia,N/A
1953,GPS,Si
1953,Resistente al agua,50 m
1953,Pantalla táctil,Si
1953,Pulso cardiaco en muñeca,Si
1953,Duración de batería,
1953,Registro de actividad,No
1953,Notificaciones,No
1953,Medición de oxígeno,No
1953,Tipo de carga,Alámbrica
1954,Tamaño de circunferencia,47mm
1954,GPS,Si
1954,Resistente al agua,50 m
1954,Pantalla táctil,Si
1954,Pulso cardiaco en muñeca,Si
1954,Duración de batería,20 horas
1954,Registro de actividad,No
1954,Notificaciones,No
1954,Medición de oxígeno,No
1954,Tipo de carga,Convencional
1955,Tamaño de circunferencia,45mm
1955,GPS,Si
1955,Resistente al agua,Si
1955,Pantalla táctil,Si
1955,Pulso cardiaco en muñeca,Si
1955,Duración de batería,Hasta 54 dias
1955,Registro de actividad,No
1955,Notificaciones,No
1955,Medición de oxígeno,No
1955,Tipo de carga,Solar
1956,Tamaño de circunferencia,48mm
1956,GPS,Si
1956,Resistente al agua,100 m
1956,Pantalla táctil,No
1956,Pulso cardiaco en muñeca,Si
1956,Duración de batería,
1956,Registro de actividad,
1956,Notificaciones,
1956,Medición de oxígeno,
1956,Tipo de carga, 
1957,Tamaño de circunferencia,42mm
1957,GPS,Si
1957,Resistente al agua,Si
1957,Pantalla táctil,Si
1957,Pulso cardiaco en muñeca,Si
1957,Duración de batería,6 dias
1957,Registro de actividad,No
1957,Notificaciones,No
1957,Medición de oxígeno,No
1957,Tipo de carga,Alámbrica
1958,Tamaño de circunferencia,42mm
1958,GPS,Si
1958,Resistente al agua,Si
1958,Pantalla táctil,Si
1958,Pulso cardiaco en muñeca,Si
1958,Duración de batería,
1958,Registro de actividad,No
1958,Notificaciones,No
1958,Medición de oxígeno,No
1958,Tipo de carga,Alámbrica
1961,Tamaño de circunferencia,45mm
1961,GPS,Si
1961,Resistente al agua,Si
1961,Pantalla táctil,Si
1961,Pulso cardiaco en muñeca,Si
1961,Duración de batería,11 dias
1961,Registro de actividad,No
1961,Notificaciones,No
1961,Medición de oxígeno,No
1961,Tipo de carga,Alámbrica
1965,Largo del cable (m),0.5
1965,Tipo de entrada,Otros
1965,Tipo de salida,USB
1972,Tamaño de circunferencia,N/A
1972,GPS,N/A
1972,Resistente al agua,N/A
1972,Pantalla táctil,N/A
1972,Pulso cardiaco en muñeca,N/A
1972,Duración de batería,Hasta 365 días.
1972,Registro de actividad,Yes
1972,Notificaciones,No
1972,Medición de oxígeno,No
1972,Tipo de carga,Convencional
1974,Tamaño de circunferencia,N/A
1974,GPS,N/A
1974,Resistente al agua,N/A
1974,Pantalla táctil,N/A
1974,Pulso cardiaco en muñeca,N/A
1974,Duración de batería,
1974,Registro de actividad,
1974,Notificaciones,
1974,Medición de oxígeno,
1974,Tipo de carga, 
2002,Años de garantía totales,1
2002,Micrófono Integrado,
2002,Potencia, 
2002,Resistente al agua,No
2002,Duración de batería,
2002,Clasificación IP, 
2002,Tiempo de carga (hrs),
2002,Iluminación, 
2003,Micrófono Integrado,si
2003,NFC,No
2003,Peso,
2003,Tiempo de garantía,1 año
2003,Resistente al agua,No
2003,Tipo de audífono,On Ear
2003,Noise Cancelling,Si
2003,Opción cable auxiliar,Si
2003,Duración de batería,
2003,Clasificación IP,IPX2
2007,Tamaño de pantalla,"14"""
2007,Otro,
2007,Capacidad de memoria RAM,4 GB
2007,Tipo Procesador,Intel Core i3
2007,Almacenamiento,N/A
2007,Sistema Operativo,Windows 10 Pro
2007,Conexión Wi-Fi,Si
2007,Cámara Web,Yes
2007,Pantalla táctil,N/A
2007,Capacidad SSD,1 TB
2007,Conexión Bluetooth,Si
2007,Tipo de uso,Avanzado
2007,Duración de batería,
2007,Almacenamiento de estado sólido,Yes
2007,Memoria Intel Optane,N/A
2008,Tamaño de pantalla,"13.3"""
2008,Otro,
2008,Capacidad de memoria RAM,8 GB
2008,Tipo Procesador,Intel Core i5
2008,Almacenamiento,N/A
2008,Sistema Operativo,Windows 10
2008,Conexión Wi-Fi,Si
2008,Cámara Web,Yes
2008,Pantalla táctil,No
2008,Capacidad SSD,256 GB
2008,Conexión Bluetooth,Si
2008,Tipo de uso,Esencial
2008,Duración de batería,9 Horas Mu00e1ximo (Varu00eda de acuerdo con las condiciones de uso)
2008,Almacenamiento de estado sólido,Yes
2008,Memoria Intel Optane,N/A
2014,Años de garantía totales,10 Años
2014,Confort,Semi-firme
2014,Tipo de tela-pillow,Tejido de punto
2014,Tipo de tela-borde y base,Jacquart
2014,Medidas del colchon (m),1.00 X 1.90
2014,Tipo de colchon,1 Pillow
2014,Tipo de resortes,Power Bonell 
2014,Cantidad de resortes,270
2014,Base acolchada,Si
2014,No. de patas,6
2014,Tamaño,Imperial
2015,Años de garantía totales,10 Años
2015,Confort,Semi-firme
2015,Tipo de tela-pillow,Tejido de punto
2015,Tipo de tela-borde y base,Jacquart
2015,Medidas del colchon (m),1.40 X 1.90
2015,Tipo de colchon,1 Pillow
2015,Tipo de resortes,Power Bonell 
2015,Cantidad de resortes,396
2015,Base acolchada,No
2015,No. de patas,9
2015,Tamaño,Matrimonial
2016,Años de garantía totales,10 Años
2016,Confort,Semi-firme
2016,Tipo de tela-pillow,Tejido de punto
2016,Tipo de tela-borde y base,Jacquart
2016,Medidas del colchon (m),1.55 X 1.90
2016,Tipo de colchon,1 Pillow
2016,Tipo de resortes,Power Bonell 
2016,Cantidad de resortes,456
2016,Base acolchada,Si
2016,No. de patas,9
2016,Tamaño,Queen
2017,Años de garantía totales,10 Años
2017,Confort,Semi-firme
2017,Tipo de tela-pillow,Tejido de punto
2017,Tipo de tela-borde y base,Jacquart
2017,Medidas del colchon (m),2.00 X 2.00
2017,Tipo de colchon,1 Pillow
2017,Tipo de resortes,Power Bonell 
2017,Cantidad de resortes,589
2017,Base acolchada,Si
2017,No. de patas,12
2017,Tamaño,King
2018,Años de garantía totales,10 Años
2018,Confort,Firme
2018,Tipo de tela-pillow,Tejido de punto
2018,Tipo de tela-borde y base,Jacquart
2018,Medidas del colchon (m),1.00 X 1.90
2018,Tipo de colchon,Ortopédica
2018,Tipo de resortes,Power Bonell 
2018,Cantidad de resortes,270
2018,Base acolchada,Si
2018,No. de patas,6
2018,Tamaño,Imperial
2019,Años de garantía totales,10 Años
2019,Confort,Firme
2019,Tipo de tela-pillow,Tejido de punto
2019,Tipo de tela-borde y base,Jacquart
2019,Medidas del colchon (m),1.40 X 1.90
2019,Tipo de colchon,Ortopédica
2019,Tipo de resortes,Power Bonell 
2019,Cantidad de resortes,396
2019,Base acolchada,Si
2019,No. de patas,9
2019,Tamaño,Matrimonial
2020,Años de garantía totales,10 Años
2020,Confort,Firme
2020,Tipo de tela-pillow,Tejido de punto
2020,Tipo de tela-borde y base,Jacquart
2020,Medidas del colchon (m),1.55 X 1.90
2020,Tipo de colchon,Ortopédica
2020,Tipo de resortes,Power Bonell 
2020,Cantidad de resortes,456
2020,Base acolchada,Si
2020,No. de patas,9
2020,Tamaño,Queen
2021,Años de garantía totales,10 Años
2021,Confort,Firme
2021,Tipo de tela-pillow,Tejido de punto
2021,Tipo de tela-borde y base,Jacquart
2021,Medidas del colchon (m),2.00 X 2.00
2021,Tipo de colchon,Ortopédica
2021,Tipo de resortes,Power Bonell 
2021,Cantidad de resortes,589
2021,Base acolchada,Si
2021,No. de patas,12
2021,Tamaño,King
2022,Años de garantía totales,6 Años
2022,Confort,Suave
2022,Tipo de tela-pillow,Pique
2022,Tipo de tela-borde y base,Knit
2022,Medidas del colchon (m),1.40 X 1.90
2022,Tipo de colchon,2 Pillow
2022,Tipo de resortes,Bonell
2022,Cantidad de resortes,364
2022,Base acolchada,Si
2022,No. de patas,9
2022,Tamaño,Matrimonial
2023,Años de garantía totales,6 Años
2023,Confort,Suave
2023,Tipo de tela-pillow,Pique
2023,Tipo de tela-borde y base,Knit
2023,Medidas del colchon (m),1.55 X 1.90
2023,Tipo de colchon,2 Pillow
2023,Tipo de resortes,Bonell
2023,Cantidad de resortes,399
2023,Base acolchada,Si
2023,No. de patas,9
2023,Tamaño,Queen
2024,Años de garantía totales,4 Años
2024,Confort,Suave
2024,Tipo de tela-pillow,Jacquart
2024,Tipo de tela-borde y base,Knit
2024,Medidas del colchon (m),1.00 X 1.90
2024,Tipo de colchon,1 Pillow
2024,Tipo de resortes,Bonell
2024,Cantidad de resortes,260
2024,Base acolchada,Si
2024,No. de patas,6
2024,Tamaño,Imperial
2025,Años de garantía totales,4 Años
2025,Confort,Suave
2025,Tipo de tela-pillow,Jacquart
2025,Tipo de tela-borde y base,Knit
2025,Medidas del colchon (m),1.40 X 1.90
2025,Tipo de colchon,1 Pillow
2025,Tipo de resortes,Bonell
2025,Cantidad de resortes,338
2025,Base acolchada,Si
2025,No. de patas,9
2025,Tamaño,Matrimonial
2026,Años de garantía totales,8 Años
2026,Confort,Firme
2026,Tipo de tela-pillow,Tejido de punto
2026,Tipo de tela-borde y base,Jacquart
2026,Medidas del colchon (m),1.40 X 1.90
2026,Tipo de colchon,Ortopédica
2026,Tipo de resortes,Off Set
2026,Cantidad de resortes,399
2026,Base acolchada,Si
2026,No. de patas,9
2026,Tamaño,Matrimonial
2027,Años de garantía totales,8 Años
2027,Confort,Firme
2027,Tipo de tela-pillow,Jacquart
2027,Tipo de tela-borde y base,Jacquart
2027,Medidas del colchon (m),1.55 X 1.90
2027,Tipo de colchon,Ortopédica
2027,Tipo de resortes,Off Set
2027,Cantidad de resortes,460
2027,Base acolchada,Si
2027,No. de patas,9
2027,Tamaño,Queen
2028,Años de garantía totales,8 Años
2028,Confort,Firme
2028,Tipo de tela-pillow,Jacquart
2028,Tipo de tela-borde y base,Jacquart
2028,Medidas del colchon (m),2.00 X 2.00
2028,Tipo de colchon,Ortopédica
2028,Tipo de resortes,Off Set
2028,Cantidad de resortes,600
2028,Base acolchada,No
2028,No. de patas,12
2028,Tamaño,King
2029,Años de garantía totales,8 Años
2029,Confort,Semi-firme
2029,Tipo de tela-pillow,Tejido de punto
2029,Tipo de tela-borde y base,Jacquart
2029,Medidas del colchon (m),1.40 X 1.90
2029,Tipo de colchon,2 Pillow
2029,Tipo de resortes,Power Bonell 
2029,Cantidad de resortes,396
2029,Base acolchada,Si
2029,No. de patas,9
2029,Tamaño,Matrimonial
2030,Años de garantía totales,8 Años
2030,Confort,Semi-firme
2030,Tipo de tela-pillow,Tejido de punto
2030,Tipo de tela-borde y base,Jacquart
2030,Medidas del colchon (m),1.55 X 1.90
2030,Tipo de colchon,2 Pillow
2030,Tipo de resortes,Power Bonell 
2030,Cantidad de resortes,456
2030,Base acolchada,Si
2030,No. de patas,9
2030,Tamaño,Queen
2031,Años de garantía totales,8 Años
2031,Confort,Semi-firme
2031,Tipo de tela-pillow,Tejido de punto
2031,Tipo de tela-borde y base,Jacquart
2031,Medidas del colchon (m),2.00 X 2.00
2031,Tipo de colchon,2 Pillow
2031,Tipo de resortes,Power Bonell 
2031,Cantidad de resortes,589
2031,Base acolchada,Si
2031,No. de patas,12
2031,Tamaño,King
2035,Años de garantía totales,6 Años
2035,Confort,Semi-firme
2035,Tipo de tela-pillow,Tejido de punto
2035,Tipo de tela-borde y base,Knit
2035,Medidas del colchon (m),1.40 X 1.90
2035,Tipo de colchon,1 Pillow
2035,Tipo de resortes,Bonell
2035,Cantidad de resortes,364
2035,Tamaño,Matrimonial
2037,Años de garantía totales,6 Años
2037,Confort,Semi-firme
2037,Tipo de tela-pillow,Tejido de punto
2037,Tipo de tela-borde y base,Knit
2037,Medidas del colchon (m),1.55 X 1.90
2037,Tipo de colchon,1 Pillow
2037,Tipo de resortes,Bonell
2037,Cantidad de resortes,399
2037,Tamaño,Queen
2039,Años de garantía totales,4 Años
2039,Confort,Suave
2039,Tipo de tela-pillow,Jacquart
2039,Tipo de tela-borde y base,Knit
2039,Medidas del colchon (m),1.00 X 1.90
2039,Tipo de colchon,1 Pillow
2039,Tipo de resortes,Bonell
2039,Cantidad de resortes,260
2039,Tamaño,Imperial
2040,Años de garantía totales,4 Años
2040,Confort,Suave
2040,Tipo de tela-pillow,Jacquart
2040,Tipo de tela-borde y base,Knit
2040,Medidas del colchon (m),1.40 X 1.90
2040,Tipo de colchon,1 Pillow
2040,Tipo de resortes,Bonell
2040,Cantidad de resortes,338
2040,Tamaño,Matrimonial
2041,Años de garantía totales,4 Años
2041,Confort,Suave
2041,Tipo de tela-pillow,Jacquart
2041,Tipo de tela-borde y base,Knit
2041,Medidas del colchon (m),1.55 X 1.90
2041,Tipo de colchon,1 Pillow
2041,Tipo de resortes,Bonell
2041,Cantidad de resortes,378
2041,Tamaño,Queen
2042,Años de garantía totales,4 Años
2042,Confort,Suave
2042,Tipo de tela-pillow,Jacquart
2042,Tipo de tela-borde y base,Knit
2042,Medidas del colchon (m),2.00 X 2.00
2042,Tipo de colchon,1 Pillow
2042,Tipo de resortes,Bonell
2042,Cantidad de resortes,532
2042,Tamaño,King
2047,Años de garantía totales,6 Años
2047,Confort,Suave
2047,Tipo de tela-pillow,Tejido de punto
2047,Tipo de tela-borde y base,Jacquart
2047,Medidas del colchon (m),1.00 X 1.90
2047,Tipo de colchon,2 Pillow
2047,Tipo de resortes,Bonell
2047,Cantidad de resortes,260
2047,Tamaño,Imperial
2048,Años de garantía totales,6 Años
2048,Confort,Suave
2048,Tipo de tela-pillow,Tejido de punto
2048,Tipo de tela-borde y base,Jacquart
2048,Medidas del colchon (m),1.40 X 1.90
2048,Tipo de colchon,2 Pillow
2048,Tipo de resortes,Bonell
2048,Cantidad de resortes,364
2048,Tamaño,Matrimonial
2049,Años de garantía totales,6 Años
2049,Confort,Suave
2049,Tipo de tela-pillow,Tejido de punto
2049,Tipo de tela-borde y base,Jacquart
2049,Medidas del colchon (m),1.55 X 1.90
2049,Tipo de colchon,2 Pillow
2049,Tipo de resortes,Bonell
2049,Cantidad de resortes,399
2049,Tamaño,Queen
2050,Años de garantía totales,6 Años
2050,Confort,Suave
2050,Tipo de tela-pillow,Tejido de punto
2050,Tipo de tela-borde y base,Jacquart
2050,Medidas del colchon (m),2.00 X 2.00
2050,Tipo de colchon,2 Pillow
2050,Tipo de resortes,Bonell
2050,Cantidad de resortes,589
2050,Tamaño,King
2051,Años de garantía totales,8 Años
2051,Confort,Firme
2051,Tipo de tela-pillow,Tejido de punto
2051,Tipo de tela-borde y base,Jacquart
2051,Medidas del colchon (m),1.00 X 1.90
2051,Tipo de colchon,Ortopédica
2051,Tipo de resortes,Off Set
2051,Cantidad de resortes,260
2051,Tamaño,Imperial
2052,Años de garantía totales,8 Años
2052,Confort,Firme
2052,Tipo de tela-pillow,Tejido de punto
2052,Tipo de tela-borde y base,Jacquart
2052,Medidas del colchon (m),1.40 X 1.90
2052,Tipo de colchon,Ortopédica
2052,Tipo de resortes,Off Set
2052,Cantidad de resortes,399
2052,Tamaño,Matrimonial
2053,Años de garantía totales,8 Años
2053,Confort,Firme
2053,Tipo de tela-pillow,Tejido de punto
2053,Tipo de tela-borde y base,Jacquart
2053,Medidas del colchon (m),1.55 X 1.90
2053,Tipo de colchon,Ortopédica
2053,Tipo de resortes,Off Set
2053,Cantidad de resortes,460
2053,Tamaño,Queen
2054,Años de garantía totales,8 Años
2054,Confort,Firme
2054,Tipo de tela-pillow,Tejido de punto
2054,Tipo de tela-borde y base,Jacquart
2054,Medidas del colchon (m),2.00 X 2.00
2054,Tipo de colchon,Ortopédica
2054,Tipo de resortes,Off Set
2054,Cantidad de resortes,600
2054,Tamaño,King
2055,Años de garantía totales,1
2055,Micrófono Integrado,
2055,Potencia, 
2055,Resistente al agua,No
2055,Duración de batería,
2055,Clasificación IP, 
2055,Tiempo de carga (hrs),
2055,Iluminación, 
2056,Tamaño de circunferencia,45mm
2056,GPS,Si
2056,Resistente al agua,Si
2056,Pantalla táctil,Si
2056,Pulso cardiaco en muñeca,Si
2056,Duración de batería,20 dias
2056,Registro de actividad,Yes
2056,Notificaciones,Yes
2056,Medición de oxígeno,Yes
2056,Tipo de carga,Solar
2057,Tamaño de circunferencia,45mm
2057,GPS,Si
2057,Resistente al agua,Si
2057,Pantalla táctil,Si
2057,Pulso cardiaco en muñeca,Si
2057,Duración de batería,20 dias
2057,Registro de actividad,Yes
2057,Notificaciones,Yes
2057,Medición de oxígeno,No
2057,Tipo de carga,Solar
2058,Tamaño de circunferencia,45mm
2058,GPS,Si
2058,Resistente al agua,Si
2058,Pantalla táctil,Si
2058,Pulso cardiaco en muñeca,Si
2058,Duración de batería,Hasta 54 dias
2058,Registro de actividad,No
2058,Notificaciones,No
2058,Medición de oxígeno,No
2058,Tipo de carga,Solar
2059,Tamaño de circunferencia,45mm
2059,GPS,Si
2059,Resistente al agua,Si
2059,Pantalla táctil,Si
2059,Pulso cardiaco en muñeca,Si
2059,Duración de batería,20 dias
2059,Registro de actividad,Yes
2059,Notificaciones,Yes
2059,Medición de oxígeno,No
2059,Tipo de carga,Solar
2060,Tipo de panel,Digital
2060,App para manejo,Garmin Connect
2060,Material,Acero
2060,Tipo,Corporal
2064,Tamaño de circunferencia,42mm
2064,GPS,Si
2064,Resistente al agua,Si
2064,Pantalla táctil,Si
2064,Pulso cardiaco en muñeca,Si
2064,Duración de batería,20 dias
2064,Registro de actividad,Yes
2064,Notificaciones,Yes
2064,Medición de oxígeno,No
2064,Tipo de carga,Solar
2065,Tamaño de circunferencia,47mm
2065,GPS,Si
2065,Resistente al agua,Si
2065,Pantalla táctil,Si
2065,Pulso cardiaco en muñeca,Si
2065,Duración de batería,14 dias
2065,Registro de actividad,No
2065,Notificaciones,No
2065,Medición de oxígeno,No
2065,Tipo de carga,Solar
2066,Tamaño de circunferencia,47mm
2066,GPS,Si
2066,Resistente al agua,Si
2066,Pantalla táctil,Si
2066,Pulso cardiaco en muñeca,Si
2066,Duración de batería,14 dias
2066,Registro de actividad,Yes
2066,Notificaciones,Yes
2066,Medición de oxígeno,Yes
2066,Tipo de carga,Solar
2067,Años de garantía totales,1 Año
2067,Micrófono Integrado,N/A
2067,Potencia,30 Watts
2067,Resistente al agua,No
2067,Duración de batería,Hasta 20 horas.
2067,Clasificación IP,IPX2
2067,Tiempo de carga (hrs),3 horas
2067,Iluminación,No
2068,Años de garantía totales,1
2068,Micrófono Integrado,
2068,Potencia, 
2068,Resistente al agua,No
2068,Duración de batería,
2068,Clasificación IP, 
2068,Tiempo de carga (hrs),
2068,Iluminación, 
2072,Años de garantía totales,4 Años
2072,Confort,Suave
2072,Tipo de tela-pillow,Jacquart
2072,Tipo de tela-borde y base,Knit
2072,Medidas del colchon (m),1.00 X 1.90
2072,Tipo de colchon,1 Pillow
2072,Tipo de resortes,Bonell
2072,Cantidad de resortes,260
2072,Base acolchada,Si
2072,No. de patas,6
2072,Tamaño,Imperial
2073,Años de garantía totales,6 Años
2073,Confort,Suave
2073,Tipo de tela-pillow,Tejido de punto
2073,Tipo de tela-borde y base,Jacquart
2073,Medidas del colchon (m),1.00 X 1.90
2073,Tipo de colchon,2 Pillow
2073,Tipo de resortes,Bonell
2073,Cantidad de resortes,260
2073,Base acolchada,Si
2073,No. de patas,6
2073,Tamaño,Imperial
2074,Años de garantía totales,8 Años
2074,Confort,Firme
2074,Tipo de tela-pillow,Tejido de punto
2074,Tipo de tela-borde y base,Jacquart
2074,Medidas del colchon (m),1.00 X 1.90
2074,Tipo de colchon,Ortopédica
2074,Tipo de resortes,Off Set
2074,Cantidad de resortes,270
2074,Base acolchada,Si
2074,No. de patas,6
2074,Tamaño,Imperial
2075,Años de garantía totales,4 Años
2075,Confort,Suave
2075,Tipo de tela-pillow,Jacquart
2075,Tipo de tela-borde y base,Knit
2075,Medidas del colchon (m),1.40 X 1.90
2075,Tipo de colchon,1 Pillow
2075,Tipo de resortes,Bonell
2075,Cantidad de resortes,338
2075,Base acolchada,Si
2075,No. de patas,9
2075,Tamaño,Matrimonial
2076,Años de garantía totales,6 Años
2076,Confort,Suave
2076,Tipo de tela-pillow,Tejido de punto
2076,Tipo de tela-borde y base,Jacquart
2076,Medidas del colchon (m),1.40 X 1.90
2076,Tipo de colchon,2 Pillow
2076,Tipo de resortes,Bonell
2076,Cantidad de resortes,364
2076,Base acolchada,Si
2076,No. de patas,9
2076,Tamaño,Matrimonial
2077,Años de garantía totales,8 Años
2077,Confort,Firme
2077,Tipo de tela-pillow,Tejido de punto
2077,Tipo de tela-borde y base,Jacquart
2077,Medidas del colchon (m),1.40 X 1.90
2077,Tipo de colchon,Ortopédica
2077,Tipo de resortes,Off Set
2077,Cantidad de resortes,399
2077,Base acolchada,Si
2077,No. de patas,9
2077,Tamaño,Matrimonial
2078,Años de garantía totales,4 Años
2078,Confort,Suave
2078,Tipo de tela-pillow,Jacquart
2078,Tipo de tela-borde y base,Knit
2078,Medidas del colchon (m),1.55 X 1.90
2078,Tipo de colchon,1 Pillow
2078,Tipo de resortes,Bonell
2078,Cantidad de resortes,378
2078,Base acolchada,Si
2078,No. de patas,9
2078,Tamaño,Queen
2079,Años de garantía totales,6 Años
2079,Confort,Suave
2079,Tipo de tela-pillow,Tejido de punto
2079,Tipo de tela-borde y base,Jacquart
2079,Medidas del colchon (m),1.55 X 1.90
2079,Tipo de colchon,2 Pillow
2079,Tipo de resortes,Bonell
2079,Cantidad de resortes,399
2079,Base acolchada,Si
2079,No. de patas,9
2079,Tamaño,Queen
2080,Años de garantía totales,8 Años
2080,Confort,Firme
2080,Tipo de tela-pillow,Tejido de punto
2080,Tipo de tela-borde y base,Jacquart
2080,Medidas del colchon (m),1.55 X 1.90
2080,Tipo de colchon,Ortopédica
2080,Tipo de resortes,Off Set
2080,Cantidad de resortes,460
2080,Base acolchada,Si
2080,No. de patas,9
2080,Tamaño,Queen
2081,Años de garantía totales,4 Años
2081,Confort,Suave
2081,Tipo de tela-pillow,Jacquart
2081,Tipo de tela-borde y base,Knit
2081,Medidas del colchon (m),2.00 X 2.00
2081,Tipo de colchon,1 Pillow
2081,Tipo de resortes,Bonell
2081,Cantidad de resortes,589
2081,Base acolchada,Si
2081,No. de patas,12
2081,Tamaño,King
2082,Años de garantía totales,6 Años
2082,Confort,Suave
2082,Tipo de tela-pillow,Tejido de punto
2082,Tipo de tela-borde y base,Jacquart
2082,Medidas del colchon (m),2.00 X 2.00
2082,Tipo de colchon,2 Pillow
2082,Tipo de resortes,Bonell
2082,Cantidad de resortes,589
2082,Base acolchada,Si
2082,No. de patas,12
2082,Tamaño,King
2083,Años de garantía totales,8 Años
2083,Confort,Firme
2083,Tipo de tela-pillow,Tejido de punto
2083,Tipo de tela-borde y base,Jacquart
2083,Medidas del colchon (m),2.00 X 2.00
2083,Tipo de colchon,Ortopédica
2083,Tipo de resortes,Off Set
2083,Cantidad de resortes,600
2083,Base acolchada,No
2083,No. de patas,12
2083,Tamaño,King
2085,Años de garantía totales,10 Años
2085,Confort,Semi-firme
2085,Tipo de tela-pillow,Tejido de punto
2085,Tipo de tela-borde y base,Jacquart
2085,Medidas del colchon (m),1.40 X 1.90
2085,Tipo de colchon,1 Pillow
2085,Tipo de resortes,Power Bonell 
2085,Cantidad de resortes,396
2085,Base acolchada,Si
2085,No. de patas,9
2085,Tamaño,Matrimonial
2086,Años de garantía totales,10 Años
2086,Confort,Semi-firme
2086,Tipo de tela-pillow,Tejido de punto
2086,Tipo de tela-borde y base,Jacquart
2086,Medidas del colchon (m),1.55 X 1.90
2086,Tipo de colchon,1 Pillow
2086,Tipo de resortes,Power Bonell 
2086,Cantidad de resortes,456
2086,Base acolchada,Si
2086,No. de patas,9
2086,Tamaño,Queen
2087,Años de garantía totales,10 Años
2087,Confort,Semi-firme
2087,Tipo de tela-pillow,Tejido de punto
2087,Tipo de tela-borde y base,Jacquart
2087,Medidas del colchon (m),2.00 X 2.00
2087,Tipo de colchon,1 Pillow
2087,Tipo de resortes,Power Bonell 
2087,Cantidad de resortes,589
2087,Base acolchada,Si
2087,No. de patas,12
2087,Tamaño,King
2088,Años de garantía totales,10 Años
2088,Confort,Firme
2088,Tipo de tela-pillow,Tejido de punto
2088,Tipo de tela-borde y base,Jacquart
2088,Medidas del colchon (m),1.00 X 1.90
2088,Tipo de colchon,Ortopédica
2088,Tipo de resortes,Power Bonell 
2088,Cantidad de resortes,270
2088,Base acolchada,Si
2088,No. de patas,6
2088,Tamaño,Imperial
2089,Años de garantía totales,10 Años
2089,Confort,Firme
2089,Tipo de tela-pillow,Tejido de punto
2089,Tipo de tela-borde y base,Jacquart
2089,Medidas del colchon (m),1.40 X 1.90
2089,Tipo de colchon,Ortopédica
2089,Tipo de resortes,Power Bonell 
2089,Cantidad de resortes,396
2089,Base acolchada,Si
2089,No. de patas,9
2089,Tamaño,Matrimonial
2090,Años de garantía totales,10 Años
2090,Confort,Firme
2090,Tipo de tela-pillow,Tejido de punto
2090,Tipo de tela-borde y base,Jacquart
2090,Medidas del colchon (m),1.55 X 1.90
2090,Tipo de colchon,Ortopédica
2090,Tipo de resortes,Power Bonell 
2090,Cantidad de resortes,456
2090,Base acolchada,Si
2090,No. de patas,9
2090,Tamaño,Queen
2091,Años de garantía totales,10 Años
2091,Confort,Firme
2091,Tipo de tela-pillow,Tejido de punto
2091,Tipo de tela-borde y base,Jacquart
2091,Medidas del colchon (m),2.00 X 2.00
2091,Tipo de colchon,Ortopédica
2091,Tipo de resortes,Power Bonell 
2091,Cantidad de resortes,589
2091,Base acolchada,Si
2091,No. de patas,12
2091,Tamaño,King
2092,Años de garantía totales,6 Años
2092,Confort,Suave
2092,Tipo de tela-pillow,Pique
2092,Tipo de tela-borde y base,Knit
2092,Medidas del colchon (m),1.40 X 1.90
2092,Tipo de colchon,2 Pillow
2092,Tipo de resortes,Bonell
2092,Cantidad de resortes,364
2092,Base acolchada,Si
2092,No. de patas,9
2092,Tamaño,Matrimonial
2093,Años de garantía totales,6 Años
2093,Confort,Suave
2093,Tipo de tela-pillow,Pique
2093,Tipo de tela-borde y base,Knit
2093,Medidas del colchon (m),1.55 X 1.90
2093,Tipo de colchon,2 Pillow
2093,Tipo de resortes,Bonell
2093,Cantidad de resortes,399
2093,Base acolchada,Si
2093,No. de patas,9
2093,Tamaño,Queen
2094,Años de garantía totales,4 Años
2094,Confort,Suave
2094,Tipo de tela-pillow,Jacquart
2094,Tipo de tela-borde y base,Knit
2094,Medidas del colchon (m),1.00 X 1.90
2094,Tipo de colchon,1 Pillow
2094,Tipo de resortes,Bonell
2094,Cantidad de resortes,260
2094,Base acolchada,Si
2094,No. de patas,6
2094,Tamaño,Imperial
2095,Años de garantía totales,4 Años
2095,Confort,Suave
2095,Tipo de tela-pillow,Jacquart
2095,Tipo de tela-borde y base,Knit
2095,Medidas del colchon (m),1.40 X 1.90
2095,Tipo de colchon,1 Pillow
2095,Tipo de resortes,Bonell
2095,Cantidad de resortes,338
2095,Base acolchada,Si
2095,No. de patas,9
2095,Tamaño,Matrimonial
2098,Tamaño de pantalla,"15"""
2098,Ancho,35.79
2098,Profundidad (cm),2.25
2098,Alto (cm),23.97
2098,Capacidad de memoria RAM,16 GB
2098,Almacenamiento,512 GB
2098,Sistema Operativo,Windows 10
2098,Peso,2.36 Kg
2098,Procesador,Intel Core i7
2098,Tiempo de garantía,1 año
2098,Tarjeta de video,Nvidia RTX 2070
2098,Color de iluminación,Blanco
2101,Ancho,89.8
2101,Profundidad (cm),47
2101,Años de garantía totales,1
2101,Luz Interior,Yes
2101,Alto (cm),99.5
2101,Kit de recirculación,Si
2101,Vidrio,Si
2101,Conexión Wi-Fi, 
2102,Ancho,90
2102,Profundidad (cm),70
2102,Años de garantía totales,1 Año
2102,Luz Interior,Yes
2102,Alto (cm),120
2102,Kit de recirculación,No
2102,Vidrio,Si
2102,Conexión Wi-Fi, 
2105,Ancho,60
2105,Profundidad (cm),48
2105,Años de garantía totales,1
2105,Luz Interior,Yes
2105,Alto (cm),15
2105,Kit de recirculación,Si
2105,Vidrio,Si
2105,Conexión Wi-Fi, 
2106,Ancho,76
2106,Profundidad (cm),49
2106,Años de garantía totales,1
2106,Luz Interior,Yes
2106,Alto (cm),15
2106,Kit de recirculación,Si
2106,Vidrio,Si
2106,Conexión Wi-Fi, 
2107,Ancho,
2107,Profundidad (cm),
2107,Años de garantía totales,
2107,Luz Interior,No
2107,Alto (cm),
2107,Kit de recirculación, 
2107,Vidrio, 
2107,Conexión Wi-Fi, 
2109,Ancho,90
2109,Profundidad (cm),47
2109,Años de garantía totales,1
2109,Luz Interior,Yes
2109,Alto (cm),107
2109,Kit de recirculación,Si
2109,Vidrio,Si
2109,Conexión Wi-Fi, 
2110,Ancho,90
2110,Profundidad (cm),47
2110,Años de garantía totales,1
2110,Luz Interior,Yes
2110,Alto (cm),107
2110,Kit de recirculación,Si
2110,Vidrio,No
2110,Conexión Wi-Fi, 
2111,Ancho,76
2111,Profundidad (cm),46
2111,Años de garantía totales,1
2111,Luz Interior,Yes
2111,Alto (cm),99.5
2111,Kit de recirculación,Si
2111,Vidrio,Si
2111,Conexión Wi-Fi, 
2112,Ancho,80
2112,Profundidad (cm),48
2112,Años de garantía totales,1
2112,Luz Interior,Yes
2112,Alto (cm),15
2112,Kit de recirculación,Si
2112,Vidrio,Si
2112,Conexión Wi-Fi,No
2113,Ancho,80
2113,Profundidad (cm),48
2113,Años de garantía totales,1
2113,Luz Interior,Yes
2113,Alto (cm),15
2113,Kit de recirculación,Si
2113,Vidrio,No
2113,Conexión Wi-Fi, 
2114,Ancho,
2114,Profundidad (cm),
2114,Años de garantía totales,
2114,Luz Interior,No
2114,Alto (cm),
2114,Kit de recirculación, 
2114,Vidrio, 
2114,Conexión Wi-Fi, 
2116,Años de garantía totales,8 Años
2116,Confort,Firme
2116,Tipo de tela-pillow,Tejido de punto
2116,Tipo de tela-borde y base,Jacquart
2116,Medidas del colchon (m),1.40 X 1.90
2116,Tipo de colchon,Ortopédica
2116,Tipo de resortes,Off Set
2116,Cantidad de resortes,399
2116,Base acolchada,Si
2116,No. de patas,9
2116,Tamaño,Matrimonial
2117,Años de garantía totales,8 Años
2117,Confort,Firme
2117,Tipo de tela-pillow,Tejido de punto
2117,Tipo de tela-borde y base,Jacquart
2117,Medidas del colchon (m),1.55 X 1.90
2117,Tipo de colchon,Ortopédica
2117,Tipo de resortes,Off Set
2117,Cantidad de resortes,460
2117,Base acolchada,Si
2117,No. de patas,9
2117,Tamaño,Queen
2118,Años de garantía totales,8 Años
2118,Confort,Firme
2118,Tipo de tela-pillow,Tejido de punto
2118,Tipo de tela-borde y base,Jacquart
2118,Medidas del colchon (m),2.00 X 2.00
2118,Tipo de colchon,Ortopédica
2118,Tipo de resortes,Off Set
2118,Cantidad de resortes,600
2118,Base acolchada,Si
2118,No. de patas,12
2118,Tamaño,King
2119,Años de garantía totales,8 Años
2119,Confort,Semi-firme
2119,Tipo de tela-pillow,Tejido de punto
2119,Tipo de tela-borde y base,Jacquart
2119,Medidas del colchon (m),1.40 X 1.90
2119,Tipo de colchon,2 Pillow
2119,Tipo de resortes,Power Bonell 
2119,Cantidad de resortes,396
2119,Base acolchada,Si
2119,No. de patas,9
2119,Tamaño,Matrimonial
2120,Años de garantía totales,8 Años
2120,Confort,Semi-firme
2120,Tipo de tela-pillow,Tejido de punto
2120,Tipo de tela-borde y base,Jacquart
2120,Medidas del colchon (m),1.55 X 1.90
2120,Tipo de colchon,2 Pillow
2120,Tipo de resortes,Power Bonell 
2120,Cantidad de resortes,456
2120,Base acolchada,Si
2120,No. de patas,9
2120,Tamaño,Queen
2121,Años de garantía totales,8 Años
2121,Confort,Semi-firme
2121,Tipo de tela-pillow,Tejido de punto
2121,Tipo de tela-borde y base,Jacquart
2121,Medidas del colchon (m),2.00 X 2.00
2121,Tipo de colchon,2 Pillow
2121,Tipo de resortes,Power Bonell 
2121,Cantidad de resortes,589
2121,Base acolchada,Si
2121,No. de patas,12
2121,Tamaño,King
2126,Filtro lavable,No
2126,Uso, 
2126,Capacidad en litros, 
2126,Tipo, 
2126,Bolsa,No
2126,Fuente de energía, 
2129,Tipo de bebida, 
2129,Tazas por caja, 
2130,Tipo de bebida, 
2130,Tazas por caja, 
2131,Tipo de bebida,Capuccino & Latte
2131,Tazas por caja,8 tazas (dos cápsulas por taza)
2132,Tipo de bebida,Capuccino & Latte
2132,Tazas por caja,8 tazas (dos cápsulas por taza)
2133,Tipo de bebida, 
2133,Tazas por caja, 
2134,Tipo de bebida,Chocolate
2134,Tazas por caja,8 tazas (dos cápsulas por taza)
2135,Tipo de bebida,Chocolate
2135,Tazas por caja,8 tazas (dos cápsulas por taza)
2140,Tipo de jarra, 
2140,Filtro permanente, 
2140,Digital,
2140,Programable, 
2140,Capacidad,
2140,Cápsulas,
2141,Tipo de jarra,Acero
2141,Filtro permanente,
2141,Digital,Yes
2141,Programable,Si
2141,Capacidad,
2141,Cápsulas,
2145,Tipo de jarra,Acero
2145,Filtro permanente,
2145,Digital,Yes
2145,Programable,Si
2145,Capacidad,
2145,Cápsulas,
2147,Tipo de bebida,Espresso
2147,Tazas por caja,8 tazas (dos cápsulas por taza)
2149,Tipo de jarra,Acero
2149,Filtro permanente,
2149,Digital,Yes
2149,Programable,Si
2149,Capacidad,
2149,Cápsulas,
2159,Tipo de jarra,
2159,Filtro permanente,Si
2159,Digital,No
2159,Programable,
2159,Capacidad,
2159,Cápsulas,
2160,Tipo de jarra,
2160,Filtro permanente,Si
2160,Digital,No
2160,Programable,
2160,Capacidad,
2160,Cápsulas,
2166,Tipo de jarra,Plástico
2166,Filtro permanente,No
2166,Digital,Yes
2166,Programable,Si
2166,Capacidad,1 litros
2166,Cápsulas,Yes
2167,Tipo de estuche,Protector
2168,Tipo de estuche,Protector
2173,Ancho,29.5
2173,Profundidad (cm),33.8
2173,Alto (cm),46.5
2173,Capacidad de memoria RAM,8 GB
2173,Almacenamiento,1 TB
2173,Sistema Operativo,Windows 10
2173,Peso,4.6 Kg
2173,Procesador,Intel Core i5
2173,Tiempo de garantía,1 año
2173,Tarjeta de video,Intel UHD 630
2173,Teclado,No
2173,Mouse,No
2173,Monitor,No
2173,Color de iluminación,Multicolor
2177,Temporizador, 
2177,Capacidad en litros, 
2187,Tamaño de pantalla,"15"""
2187,Ancho,35.79
2187,Profundidad (cm),2.25
2187,Alto (cm),23.97
2187,Capacidad de memoria RAM,8 GB
2187,Almacenamiento,512 GB
2187,Sistema Operativo,Windows 10
2187,Peso,2.37 Kg
2187,Procesador,AMD Ryzen 7
2187,Tiempo de garantía,1 año
2187,Tarjeta de video,Nvidia GTX1650
2187,Color de iluminación,Blanco
2188,Potencia,1500 Watts
2188,Ruedas,Yes
2188,Uso,Doméstico
2188,Tiempo de trabajo,45 minutos
2188,Tiempo de descanso,15 minutos de descanso
2188,Tiempo máximo,3 veces a la semana
2188,Largo de manguera,6 metros
2188,Presión (PSI),1800
2191,Tamaño de pantalla,"15"""
2191,Ancho,36
2191,Profundidad (cm),2.35
2191,Alto (cm),25.7
2191,Capacidad de memoria RAM,8 GB
2191,Almacenamiento,256 GB
2191,Sistema Operativo,Windows 10
2191,Peso,1.98 Kg
2191,Procesador,AMD Ryzen 5
2191,Tiempo de garantía,1 año
2191,Tarjeta de video,Nvidia GTX1650
2191,Color de iluminación,Blanco
2192,Tamaño de pantalla,"15"""
2192,Ancho,36
2192,Profundidad (cm),2.35
2192,Alto (cm),25.7
2192,Capacidad de memoria RAM,8 GB
2192,Almacenamiento,512 GB
2192,Sistema Operativo,Windows 10
2192,Peso,1.98 Kg
2192,Procesador,AMD Ryzen 7
2192,Tiempo de garantía,1 año
2192,Tarjeta de video,Nvidia GTX1650
2192,Color de iluminación,Blanco
2193,Tamaño de pantalla,"15.6"""
2193,Ancho,36
2193,Profundidad (cm),25.6
2193,Alto (cm),2.34
2193,Capacidad de memoria RAM,8 GB
2193,Almacenamiento,256 GB
2193,Sistema Operativo,Windows 10
2193,Peso,2.3 Kg
2193,Procesador,AMD Ryzen 5
2193,Tiempo de garantía,1 año
2193,Tarjeta de video,Nvidia GeForce GTX 1050
2193,Color de iluminación,Multicolor
2194,Tamaño de pantalla,"15.6"""
2194,Ancho,36
2194,Profundidad (cm),2.35
2194,Alto (cm),25.7
2194,Capacidad de memoria RAM,12 GB
2194,Almacenamiento,512 GB
2194,Sistema Operativo,Windows 10
2194,Peso,"1,98 kg"
2194,Procesador,AMD Ryzen 7
2194,Tiempo de garantía,1 año
2194,Tarjeta de video,Nvidia GeForce GTX 1650 Ti
2194,Color de iluminación,Blanco
2195,Tamaño de pantalla,"16"""
2195,Ancho,37
2195,Profundidad (cm),2.35
2195,Alto (cm),26.25
2195,Capacidad de memoria RAM,8 GB
2195,Almacenamiento,512 GB
2195,Sistema Operativo,Windows 10
2195,Peso,2.36 Kg
2195,Procesador,Intel Core i5
2195,Tiempo de garantía,1 año
2195,Tarjeta de video,Nvidia GTX1650
2195,Color de iluminación,Blanco
2199,Tamaño de pantalla,"15.6"""
2199,Ancho,35.79
2199,Profundidad (cm),2.25
2199,Alto (cm),23.97
2199,Capacidad de memoria RAM,8 GB
2199,Almacenamiento,512 GB
2199,Sistema Operativo,Windows 10
2199,Peso,2.36 kg
2199,Procesador,Intel Core i7
2199,Tiempo de garantía,1 año
2199,Tarjeta de video,Nvidia GTX1650
2199,Color de iluminación,Blanco
